-- phpMyAdmin SQL Dump
-- version 5.2.1
-- https://www.phpmyadmin.net/
--
-- Servidor: 127.0.0.1
-- Tiempo de generación: 21-02-2025 a las 02:16:34
-- Versión del servidor: 10.4.32-MariaDB
-- Versión de PHP: 8.2.12

SET SQL_MODE = "NO_AUTO_VALUE_ON_ZERO";
START TRANSACTION;
SET time_zone = "+00:00";


/*!40101 SET @OLD_CHARACTER_SET_CLIENT=@@CHARACTER_SET_CLIENT */;
/*!40101 SET @OLD_CHARACTER_SET_RESULTS=@@CHARACTER_SET_RESULTS */;
/*!40101 SET @OLD_COLLATION_CONNECTION=@@COLLATION_CONNECTION */;
/*!40101 SET NAMES utf8mb4 */;

--
-- Base de datos: `amazonexperience_helpdesk`
--

DELIMITER $$
--
-- Procedimientos
--
CREATE PROCEDURE `sp_d_usuario_01` (IN `xusu_id` INT)   BEGIN
	UPDATE tm_usuario 
	SET 
		est='0', 
		fech_elim=now() 
	WHERE usu_id=xusu_id;
END$$

CREATE PROCEDURE `sp_i_ticketdetalle01` (IN `xtick_id` INT, IN `xusu_id` INT)   BEGIN
	INSERT INTO td_ticketdetalle 
    (tickd_id, tick_id, usu_id, tickd_descrip, fech_crea, est) 
    VALUES 
    (NULL,xtick_id,xusu_id,'Ticket Cerrado...',now(),'1');
END$$

CREATE PROCEDURE `sp_l_usuario02` (IN `xusu_id` INT)   BEGIN
	SELECT * FROM tm_usuario WHERE usu_id=xusu_id;
END$$

CREATE PROCEDURE `sp_l_usuario_01` ()   BEGIN
	SELECT * FROM tm_usuario WHERE est='1';
END$$

DELIMITER ;

-- --------------------------------------------------------

--
-- Estructura de tabla para la tabla `td_ticketdetalle`
--

CREATE TABLE `td_ticketdetalle` (
  `tickd_id` int(11) NOT NULL,
  `tick_id` int(11) NOT NULL,
  `usu_id` int(11) NOT NULL,
  `tickd_descrip` longtext NOT NULL,
  `fech_crea` datetime NOT NULL,
  `est` int(11) NOT NULL
) ENGINE=InnoDB DEFAULT CHARSET=utf8mb4 COLLATE=utf8mb4_spanish_ci;

--
-- Volcado de datos para la tabla `td_ticketdetalle`
--

INSERT INTO `td_ticketdetalle` (`tickd_id`, `tick_id`, `usu_id`, `tickd_descrip`, `fech_crea`, `est`) VALUES
(1, 1, 2, 'Te respondi', '2025-02-15 20:55:48', 1),
(2, 1, 1, 'Soy el usuario respondiendo', '2025-02-15 20:56:20', 1),
(3, 1, 2, 'Para resolver tu problema reinicia el equipo', '2025-02-15 20:57:06', 1),
(4, 1, 1, 'ok gracias ya esta', '2025-02-15 20:57:35', 1),
(5, 1, 2, 'Muchas gracias por su confirmacion, por favor cerrar el ticket.', '2025-02-15 20:58:52', 1),
(6, 2, 2, 'Hola', '2025-02-15 20:58:52', 1),
(7, 2, 1, 'Hola', '2025-02-15 20:58:52', 1),
(8, 1, 2, 'HOLAAAAAAAAAAAAAAAAAAAAA', '2025-02-15 20:55:48', 1),
(9, 1, 1, 'test', '2025-02-18 11:34:23', 1),
(10, 1, 1, 'taa', '2025-02-18 11:34:23', 1),
(11, 1, 1, 'awdawdaw', '2025-02-18 12:14:08', 1),
(12, 1, 1, 'aaaaaaaaaaaa', '2025-02-18 12:14:08', 1),
(13, 1, 1, '<p>Hola</p>', '2025-02-18 12:29:32', 1),
(14, 1, 2, '<p>si dame un momento</p>', '2025-02-18 12:31:50', 1),
(15, 4, 2, '<p>Toda su consulta? cerrare el ticket</p><p><br></p>', '2025-02-18 22:35:46', 1),
(16, 5, 1, 'Ticket Cerrado...', '2025-02-18 22:53:06', 1),
(17, 6, 1, '<p>adsdad</p>', '2025-02-18 22:58:01', 1),
(18, 6, 1, 'Ticket Cerrado...', '2025-02-18 22:58:05', 1),
(19, 8, 2, '<p>asdad</p>', '2025-02-19 21:07:16', 1),
(20, 8, 2, 'Ticket Cerrado...', '2025-02-19 21:07:19', 1);

-- --------------------------------------------------------

--
-- Estructura de tabla para la tabla `tm_categoria`
--

CREATE TABLE `tm_categoria` (
  `cat_id` int(11) NOT NULL,
  `cat_nom` varchar(150) NOT NULL,
  `est` int(11) NOT NULL
) ENGINE=InnoDB DEFAULT CHARSET=utf8mb4 COLLATE=utf8mb4_spanish_ci;

--
-- Volcado de datos para la tabla `tm_categoria`
--

INSERT INTO `tm_categoria` (`cat_id`, `cat_nom`, `est`) VALUES
(1, 'Hardware', 1),
(2, 'Software', 1),
(3, 'Otros', 1);

-- --------------------------------------------------------

--
-- Estructura de tabla para la tabla `tm_ticket`
--

CREATE TABLE `tm_ticket` (
  `tick_id` int(11) NOT NULL,
  `usu_id` int(11) NOT NULL,
  `cat_id` int(11) NOT NULL,
  `tick_titulo` varchar(150) NOT NULL,
  `tick_descrip` mediumtext NOT NULL,
  `tick_estado` varchar(15) DEFAULT NULL,
  `fech_crea` datetime DEFAULT NULL,
  `usu_asig` int(11) DEFAULT NULL,
  `fech_asig` datetime DEFAULT NULL,
  `est` int(11) NOT NULL
) ENGINE=InnoDB DEFAULT CHARSET=utf8mb4 COLLATE=utf8mb4_spanish_ci;

--
-- Volcado de datos para la tabla `tm_ticket`
--

INSERT INTO `tm_ticket` (`tick_id`, `usu_id`, `cat_id`, `tick_titulo`, `tick_descrip`, `tick_estado`, `fech_crea`, `usu_asig`, `fech_asig`, `est`) VALUES
(1, 1, 1, 'test', 'test', 'Abierto', '2025-02-15 12:50:29', 2, '2025-02-19 22:39:34', 1),
(2, 1, 2, '11233', 'dwadaw', 'Cerrado', '2025-02-15 12:50:48', 4, '2025-02-20 19:28:01', 1),
(3, 1, 2, 'testtttt', 'wdadwa', 'Cerrado', '2025-02-04 12:51:00', 4, '2025-02-20 19:28:19', 1),
(4, 1, 2, 'dwadaw', 'dwadaw', 'Cerrado', '2025-02-19 12:51:03', NULL, NULL, 1),
(5, 1, 2, 'test555', 'dawdawd', 'Cerrado', '2025-02-15 12:51:06', NULL, NULL, 1),
(6, 1, 2, 'TSSTTT', '<p>HOLALALALALALALAAAA</p>', 'Cerrado', '2025-02-15 12:51:09', NULL, NULL, 1),
(7, 1, 2, 'DWADAWDAWDA', '<p>HOLAW\'DAWNDHAD</p>', 'Abierto', '2025-02-15 12:51:12', NULL, NULL, 1),
(8, 1, 3, 'test', '<p><b>dwadawddwadawdawd dawdawda</b>dawdadadaw</p>', 'Cerrado', '2025-02-15 13:08:35', NULL, NULL, 1),
(9, 1, 2, 'Test de prog', '<p>Hola&nbsp;</p><p><img src=\"data:image/png;base64,iVBORw0KGgoAAAANSUhEUgAABDIAAAFaCAYAAADsNn2wAAAAAXNSR0IArs4c6QAAAARnQU1BAACxjwv8YQUAAAAJcEhZcwAAEnQAABJ0Ad5mH3gAAEKuSURBVHhe7d1xfFP1of//txaLMqNokGkdSsdGlH3LnDfRjUxHO71m+h3VaSvXVncN+hhFHxZ9SN2urW623CvVOynfSfU7rZsEv0rZNPhT42QNXzTsq2FO6VSCw3QiQbER5GC1kZrfH0nb5LSFtFTt0dfz8cjjQT/nc07O+ZxPQs47n/PJIcKY1rlrb9JcBgAAAADAl9Wh5gIAAAAAAICxiiADAAAAAABYBkEGAAAAAACwDIIMAAAAAABgGQQZAAAAAADAMggyAAAAAACAZRBkAAAAAAAAyyDIAAAAAAAAlkGQAQAAAAAALIMgAwAAAAAAWAZBBgAAAAAAsAyCDAAAAAAAYBkEGfjyeX+bXtoaV4+5HAAAAAAw5h1iLsDY0rlrb9JcNvp2a/nv39QtRx2nzotOMC9MeadDs1Z9oMryb2nBV80LreWt9Q/pGRXryrOHOFaT9j8u0x+2jtM3f/zvqjhlgnmx1LlOTQ9s0qQfX6eKU8wLx7pNWnnHOr1uLs5ytM6+8qcqmbRDf3nkT9oy7V/1U2dubSftUNt9rWqfXqbqHNsbAAAAAPaHERn4ktmh19+Upn59uBfV+/T6nwJq/9BcbnVTNMvzfc3pfXz/azpS0vHfzijzODXDJkldeved97Wt4119ZN7MZ2XzH/XLO/6odnM5AAAAgC8Nggx8uby1VR06Sd/8mnnBAXzlaB3zyVv6w0Pr9K55maUdo8Ki03V67+Obx+owSbaTMsqKvqXjx0vSNM257jrVXjJTh5s3AwAAAACfEYIMHIR9+udLW3XRA3/XtOWbNOO+V/Wz4Nva+Ulmnb1a++fX9eu/79H7r3fo3x/4u6bd83fNWtWhcJek+Hbd8tArqfUfiMi3wzxzRY/ef71DP1uR8RyhnXo/6zly99Ybb0onTdNwcwzln6w5nq/p8Pc2adX6Heal2YxX9PSaP+s1w1S+4y96ZM1ftM1UvDf6nFY+cK9uX7pcty//vVb+Zav29h7fxx1a//gaPfnKLtNakj7p0F/WZC7bp3dffkL3/O+Mba1/RbtG2FYDva/Xgmv0dOT97OJdr6jtj7/Xnb9ZroZl9+ruPz6n1z/IrjLAzrDWrFmjJ1/eoX29ZR9s1fo//l53Lluuht+Yt5N67kc2vivpXb2wZo0e2fhW3+YAAAAAfHkQZGCEerQluEX/EvpQ40+aqHvPOV7Lvn24dkZ2asaKDm3pu3jepy1vfaj/3vCmvvfXT/Rj92T9rmi8ut/dowsf26wfPWro8G8ep9+dc5TO6O7Wwj9t0z+zniOiaX/6QEec8lW1XfZ1PfXDo3TE5rc1bdWb2tlXL1cjva0k5chTfqKLvzVO7z7/qP4QNS/N0P2uNkfe0o5uU/n7O/RaZId2ZxS9vf73uvPRzRr37fM0b16F5v3PGRr38hNa+tBftEuSDpuqE/SWXtj4SurvDB+1h/V05H0d+bVj0ttaqbvXvqXDpp2u0h//UKXf/Zo+eunPanpgnd4elTCjSzu2dmjzO139RTvX6e6WP+sFY5LO+MEPdPF5p6vwo1e08retenGoMGNXWL9/+C96dd9UlXz7BI1Tejv3PKG/jZuhiysrtPCy8+Q6dLNW3vt/9BdTbgIAAADgy40gA/1icc247++DP/x7tCWz7pv/1L/9/RNdfFahHv7h13TO9Mk6x/V1PXrFsTpn7x79+//NvFyXdOwx+svcr+vi6ZN1lvubWjJF6u46TLd5T9F/uCbrrOlTda8rX9rzcf/Ek+9s07///RPNO/cULXUdp5MnHqmTC7+mpf9m18Xv7VbNi+ak4ABGeltJhm96LtLZx+5T++N/PPj5MjrX6ZHnP1DRRVfp0tOn6jjb0TruJJcu/elsFXaGtebl1PF90+nQkTs36y9ZA0F26YWXdkhTv6Uzjpa048/yPf+Bvvmvl2veD106dZpDp57+Q827+nsq3L1Jjzx3gFEkI/KWnvzjJu06ebYW/vQCnV30LZ3qcOn8yy7XNVdcoNO/Yq6fDjFW/EU7vjZbC3/Se4vKDrWt2STj1PNUPcelwmOP1pHHTtUZF16mOSft0tN/elEf6WidWjxHlzqPk3SczpgzR5c6D+JEAgAAALAsggz0O3qCGp3HDP44dbwmZ1TdsvVD/fOICbp2pulqdcIJuubkQ7Xlzd0ZIyukk+1f0dEZf3/TlicdlqfJGT1w/Pi8jBrSllc/0JYjj9S86dnlmnCirpp6qP6/Nzqzyw9gxLeVZDr0BJWUztRxH78l/xObDmrSy7df+Yd2He2Qu9C04IiZOmP6OEVfj6T+PuF0nTG5Sy9uTP8tSe+/old3jlPR6afrcElvb4lq71em6ewi06+qHOHSrOnjtOv1yOjP7bEzoteN8Tr9e+Y5MybouGMH+XWXDzZpZTrEuPbCjHV2vqr2XRP0Hacju74m6PR/OVnjOrbq1VEZUQIAAADgi4AgA/2+coT+52knDv6YPl4TM6q+ubtHOuxQHZVRlpKnk75ySPbIihF6c3eP1LVHF5pHh9z3d/204xPpg4+zwpL9O7jbSrJMmq15/3qCFF2n+w80X8Z+vBvvkoyIfrf8Xt1pevxhyz5p93vp8OEYnXHaCdq3ZZN6B6Fs27hZb9scOmNaxrbyxw86CefEo78ivfee3jYvOFjvva9dOlyHjzcvGETXq1p5/zq93j1BM783U0dmvvO89752qUvhVQPb4c4n/ql96tLu9zLqAwAAAPhSI8jAiBw9/lDpE2mwmzv27EtKR+Tpq+YFw3T0+EOlI4/SU1f9D71qfiyYqc6fTtXJ5pWGMgq3lWQ6vOgClU4bp3fDf1LbgAlKc3P44eOko2do3oKf6UbT4+cLr9Mvr5qt43rrFs1UUd4OvfDiLumTiF5o79Lx3z5dUzK39UmPBtuTj7o/kr7ylawgalSMH69x+lgf5zBaYlf7K9p96g91/rSEXmg13ZYzfrzG6WjNmjuwHW68doF+ueinKpmUUR8AAADAlxpBBkbEddJ4ae8HWv1P06XzJ+/q8Tc/0fjjJ6goe8mwuU4aL+35QE+8Y14yfKNyW0mWCSq68IcqOux9rf/TwIk4pY/0kTnl+Ti7rb759eOlXf9Uey53yBzq0BlFE/T2yy/q9fZNau85QWecnprkU73bej+qF7dnrSV90qH2rd0aN2VqX+gxak7+hk49rEubXxtkVIop3DjS8UPNO/dbOuPCi3T2V1I/Y9s3AenJU1R46Ptqf3WQ7QAAAACACUEGRuZ/HKfbjurRr5/6h3zvpK/Yu9+Tb/U7+vVH+VriPt68xvCln+MWf0S+nb0/0tmj7ne2a6Hvda3NebLNUbytJNOhDl08d2bfqIk+xx6rSYd2a9PzL2pXjyTt066t63R/0HShfsr3dPax72v9w6164b2+HyHVvp0v6pHfr9FrpiBkivMUHW9E9Ehwh8ZNn6nTM2/pOOV7OvvYLr3wh1a9sDO94sc79MIfntQLHxyjH55tnn9iFBzq0NnOo7XrhUf1+xd3aN8nkj7p1tsvr1HTPU/otY/7qx428djUbS+HnqCSH8/Ucbs36XePpecYOXSm/vXMo7UrvEYrX3y3/+dYP96hFx9boUci5kSoWx9+KOnDroOaowQAAACANRFkYIQmasFlJ2rJsfu0cFVEk/7XJk36329p4Z7DtKT0G6rsHyxwENLPMXGfFj7yauo5/tcrOnH1bu0+caJcR5jrD2GUbyvJMnm2LnZlTmOaujD/4ZlHa9/W59T062X65R3Lde/zUsn3zTtwgkr+/ScqOe49/en+5frlHcv0yzuWqcEX1keF31Khee6Jo106Y+o+7ft4gk4fMDFmeltffU9/+v29qW0tbdWf3j1OJZf9m75n2sXRctz3KzTv+8fp3XWtavjvZfrlf9+re/68Q5NmzdKph5lrp02erXkXfE3a2j/HyHHfr9C8Wcdqx7r/o4Z0O/xyaavauqfojJMyGqLQoVPHv6snf7NMv1zu16ahfuIVAAAAwBfWIeYCjC2du/YmzWVjTvde7fxQ0qGHafJR5qvvUfLxh9r5QY+kPB098QgN51l63t2qyMcFmlGQa/IxSnq6tLfrY+nwo3XkUBf1vXrr6jAdbpugceblw/Hx+9r7kaRDD9eRXxlOSx2MffrI+ED7Dnr/e7cjjZtwtA43/WCN1N9WQy4HAAAA8IVGkDHGWSLIAAAAAADgM8KtJQAAAAAAwDIIMgAAAAAAgGUQZAAAAAAAAMsgyAAAAAAAAJZBkAEAAAAAACyDIAMAAAAAAFgGQQYAAAAAALAMggwAAAAAAGAZBBkAAAAAAMAyCDIAAAAAAIBlEGQAAAAAAADLIMgAAAAAAACWQZABAAAAAAAsgyADAAAAAABYBkEGAAAAAACwDIIMAAAAAABgGQQZAAAAAADAMggyAAAAAACAZRBkAAAAAAAAyyDIAAAAAAAAlkGQAQAAAAAALIMgAwAAAAAAWAZBBgAAAAAAsAyCDAAAAAAAYBkEGQAAAAAAwDIIMgAAAAAAgGUQZAAAAAAAAMsgyAAAAAAAAJZBkAEAAAAAACyDIAMAAAAAAFgGQQYAAAAAALAMggwAAAAAAGAZBBkAAAAAAMAyCDIAAAAAAIBlEGQAAAAAAADLIMgAAAAAAACWcYi5AGNL5669SXPZp6Xro2519+xTzyefmBcBAAAAADAmEGSMcZ9VkGF8+KEOH5+vY4+aoPxx48yLAQAAAAAYE7i1BOr6qFuHj8/X8cceRYgBAAAAABjTCDKg7p59OvaoCeZiAAAAAADGHIIMqOeTTxiJAQAAAACwBIIMAAAAAABgGQQZAAAAAADAMggyAAAAAACAZRBkAAAAAAAAyyDIAAAAAAAAlkGQAQAAAAAALIMgAwAAAAAAWAZBBgAAAAAAsAyCDAAAAAAAYBkEGQAAAAAAwDIIMgAAAAAAgGUQZAAAAAAAAMsgyAAAAAAAAJZBkAEAAAAAACyDIAMAAAAAAFgGQQYAAAAAALAMggwAAAAAAGAZBBkAAAAAAMAyCDIAAAAAAIBlEGQAAAAAAADLIMgAAAAAAACWQZABAAAAAAAsgyADAAAAAABYBkEGAAAAAACwDIIMjKKYfBUuuVymh7tE5dc2yb/FMK/wmYitqJSrwqeYeQFwsJ6tk8tVp5C5HPg0bfOrxlsj/zbzgv2wWl8dzf19tk4uV6V8+2mv0K0uuW4d/rONdL2hpf4frVzxKfyPNZptCgDA54wgA6PvtEo1/ldj/+Nmrxx7/GqoKFHl3e36fOKMsSakOpdLdc+ay62DgAj4DAx28bm7Q5vaQ9q4NZFZ+pni9Q8AAD5PBBkYfQVOFZ9T3P84v1L1D7Zp1c1udf7Oq6qH+OgLACNWVK1AOKT62fnmJQAAAF8KBBn4zBRe2Ki6822KLFuqYFfmkoRia5u0YK5HJSUlKp27QE1rY8r+rtFQ++o6eedk1Hk8IqMnq5KMl1pV5y1VSUmJPHNr5HvJUHd2lZRETMG7Fqj8ghKVnFuq8mubFNyW47ebu9vVeqtXpeeWqOSCUnlvbVX7blMdI10nY/u9t9bEN7SoYfFKbZK06ZEGNSz2K9K7Xo+hyONNWjA3fQxzvKpb3T7gOPskImpd0qDmZ+PmJVJPRK2LG9S8rn9ZVvsMuu24Qvc1qGVDXMZWvxoz6jb2bSci/+IGLX0mJu0IaOniVP2UhGIbfKrzlspTUqKSOeVacFdQscymjYfUsrhFobih6OON8s4pUUmJR6XeRgV3ZtSTlNgWks/Ujgc8T73b39nbZ9LrLvINPE+SEtuCarq2PON8+hQ27UdmvdRxedU4oI9mH1vquReqdUfv+iM4FqX6RPuKGpWn2yl1HP3nKUsOfTPyWIMaHotIO8NqXtR7POWqWTHIaKkcXif920u3413h3pWH1RfM7WWW63731csykvaKK3h3gxpWm7eVWha6t0GNqyN9fSCnfrSf94WBUvvc8MgmSZu0cnHGcfW1m2mN5zPbe7DXt5mh8IoGNdyV/drY//vEfl7/wzq+fjm9tqQc/68YRTn0/wG2+FPv6ZnrXlAq7xJT31f6td37HtX32h70f6wD9NW0EbX/4H0AAICxjiADn6F8uS/yyNYTVOil3jJDoVvnqPSuqIqua1Zra6uWXlek6J2lmnNXe9+akXsr5b3PUMktLak6Nxare6VX1aszLtKfrVPZ1Y0KT/SopnGJ6q9yKXZ7peqeMX2QM0Kqm1OqJduKVL2sVa0PL1V1UVRLyuaoqW+/htDhU6VnvlonlKrxwVa13teo0vxWeS9YKH/fRUtEzT/16v7dJaq9L7X9RbO7tfLKarWaL2yyGAr83CPvyk7NuqpRvtb7VX/F1xW506uyjLbIku/QVLWp5cE2maOMRPB+NT72hibNsEuSoisqVXJNq2wXNcrX2qqWJaUa/4hXnhv8Get2Kxr0y39PtSpvjqjwslotaaxRaWFMrYsWHWD/pci9ZSpbvEGTzq9Vc6tPzdcVK//pGpVWZzxHV1Rtj/nVfH2lbnq1UJffskRLbixVYaxVNTe39td7rVllc+u1YeKPVLusVb5lC1Wc95RqyjLbehC927+xUvVbZ6a2f71HBa82yTu3TqHM7tDhk7esRk/lF6vqV0u05OYquXb7tGBOpXwdA+ut6nRqXsMSLfl5uWxPVmn+b6MZlTKPrUyL/jxeJfNLNTP/II5FhkK3lcl7d4ccZTVa0livqjNjqvdWq3mNX21bMy56cuqbUuff/PK31ss7f6VUXK36xnpVnSkFl1WreWN/vVxfJ73bq5zbrO1FZao660Rp2H3B1F6DyHW/O//ml/9vnZmr9vXr4bWXXTO/+ob8y/0Km8OALavUeF+bNNWh/PS2DtyPRvq+MIiuqNoea1M0IxCOrqiUp9qneFGlbmqoV/18l4wHvCqtDQ4MqKRUOHx3lRbcvVlTL6pU0cRUaW7vE4MZ4fHl+trK8f+KUZNj/x/gnY3yP9aq+muq5J8wR9W/WqL6K93au6ZGpVf5FO3rS+nX9p1hHXVB5mu7TgHzCTtgX9UI23/wPgAAAHDQOnftTX7aj81v7kiOju3JFZc5k85bnjMv6PfBU8lFTmey4sHtyWQymexeX5ssPrMq+dg7pnrR+5MVzjnJ5ZFk33Z71+mzrzvZva/33y8klxQ7k8U3tyX3ZFXak2y7uTjpvGxFMv2MyeduKU465z+W7Myql0y+8UBF0nnR8uRmU3m/1H6cd8cmU3n6OX7eluxOJpPJN1ckK5wVyRVvmqp1d2f88Vyy1ulM1q7PKEomk8l3tic7e48pbfuDFUln8ZKk+Vn7RJYn5/S1Va/O5KqrnKZ9Oi+55G+ZdZLJ5J62ZG2xM7nomd59Sx3jgHZMn7fM/d3+YEVGu6bt2Z7cnn0Cksn1tUmnsyr5WG+Dv7kiWeEsTtYGsyt2BxYlnc7aZH/v2ZPc/qZpY/ueS9ae6UxWPWo+exmG2H7vsRbf/kK6YHNy+UWDHGtyT/KpG50Zx5Zuy8vuT75hOjdvPFCRvc9vrkhWOJ3JigffyK440mMJL0kWO89L1q4f/Fj6XxM59s1kMvncLYMdy+bk8h9nbi/318lztziTzvNqk8+Zz3vOfWGw9hoot/1O1xvwHmR+D8mxvT5oSy46M/P1kfLC7cUZbZBjP8rpfWEQ62tNr4tBthVZnpwzaJ/POAdZ29mT3PSbiqTzzIrkimhG/ZzfJwZ5/Zv3qdd+jy/311Zu/1cMYX1t0ul0JovPn5Oc8+PBH8WzMvvNMPt/Zn9bX5t0OiuS92e2a7J3P53JK1vTWwwvSRYPes5G+NrOpf1z6QMAAFgEIzLwuQo9HZBxTplKJ5sWTC1VmTOm4IaopAJ9+zt2RVbWqunxiGJGenxuXr7y89L1t2xUyChQWUWxbJnbkU0OR0H/nz0hBZ405Lm0VKlxCv0Kf1wm17agQpnfxGfqCGjNlkKVX1JkWmBT8SUe2da2KdQjqeDbmmmPyHdrk/yvxdS7u8of4qvmTJMnSVtCar23Qc2rQ4rEEyqYWigZhvaY6/aaXq7K02JqfbR3SL+knW166iWbyi4uVr6k6J/XKDKtXGWnZa4oyVas8vNtCq7Lnse+wOHIbscJNo3P/HsotgJNiocVWNGkphUBhTsS0lSHHNojI+t2ogI5pmWfqfwJ5mewqcDeqfCTPjXd5VNgY1QJFcoxTdpjDDH8us/A7ctWrMqLC2SENqZu5ekIKbht8D7jubRMti0Bte2Q1BVW+CWp+IpKFfb2t7TCaYXZBZIkhzyzzeUjO5bI8yEZJ5Sq8izzsTjkOCHj71z7Zq9vOEzHYpMt8ymG+zo50yO3aRdz7wuDtdcQDrTfucq1vSYUq+wim4KPZIxG6Akr+LShosvK5dAw+tHBvC8cQHRDULETylQ529xPClQwoH0Siv6uSt4VUtXKFlVO7V8y3PeJLCM5vmG8tnL7v2J/CuS+YqEWXjf4o3RGRtXh9v8BCuXIaFdJ0tRKVc6W2p8PK9H32h7snI3wtT2s9h+6DwAAYBUEGfhsbdmkjZJOmVYgKabtUUnBepXOKTU9vGraJEWjqYlBi65fqcZiyX97pUpL3HKVpO+N770464wpJptsR2Y920Cx7YpKaltsfr5SlV7ZpJcVVXSon+jbFlVUUfmuGWTdmwMyFNX2mKS8ItU82KgS+dV4RalK3C6VlKXm69g/Q6HFc+S5sl7BLodOmRBV662VWvDggT6g21V6abGMR1v75h6JPOpT+5QylTpTf8eiUanDpyrzfs8p1aInDSm6fVR+fSD6kFfFZQvV8g+7HCcY2nj3fJX/Z2CIoe0H0OGT99xyLXwwIrvjRBl/bdb8ioaBw66HwXaUTdoRU6d6z+cQfearBSpQRJF/SIp3KiZp/ITBLghyNMJj6dwZk2w20wXyIHLtm7k6mNdJ2qj2hdE2jPZyXVSmgpd8WrUl9Xci2KrWrmJdfn76EjfXfjTi94UDi0WjufUTdSvyO6/K744ov3ieyqZl9+mDep8YyfHl/NrK/f+KodnkmJUxCbXp4czIu0ej/w+UL9sESbFOdX4ar+2c23//fQAAAKsgyMBnyFBwdUBGXrHcp0nSeNmOknROvfxr/AMebaGwwr9yp1bNs6v4pha1hcIKPbNKS690qOPujLkjcvlAqNTIgqMkldwy8Pn8a9oUCodVf5Z5pTSbTTY55L3HvJ5f/ifaFA77VDklXXdysWpa2hT6fyG1PbxUXkeHmq4uU+P+7q3e4lPjYwmV/Sag5deXqfj8StX+ZpWWXDDJXHOA/OIylU0IasWTcaknLP8jsf5vjCUdZbNJ07xqMe/3Gr8CbWGFV1Yq83P8iHQF1bysXY6b1mjVryrlOadMVXe0yPczl7lmDhIK3tuk9hk1WvNwvSrPL1bZzxrV8mCVRrK1Xt09CSkvPfLDZpNNCSXM8x9I0l5DhgpUMKm/z4zcyI/lKJtN6kkMPmFtpuH0zVwczOtEo90XPgXDaa+sEU9x+R8JynZRmYonZG4rh36kEb4v5CDnfqKgmh8uUG1TlQqDNapakR2SHvT7xHCPL+fX1jD+rxgNB9v/h5DokZQeeXJUrkOJhtNXc2r//fcBAACsgiADn5HUUNaapw05rluYvgiwyzXLIT0bUChrqPkgMi4S8icWyn15vZbML1T8by+nviGcPlNORdT2/MDp6Lp7MqaKt7s0a7oUWhsa/kz3RW658yIKrDvQN38Z+5uXL9s0tyoblqhqWlyb2vez7jsxxVSggq9mF9vsOXzgzXOp9NICtT+0Su3mb4wlFZ3plrYE1DbsbxGHIb5dsR7pxK9mD8bOt9tzC5mydGr7m5IKCrKHdufblUtzSIaMveaymELPRKWznKkAocgtd15U/icG/ipFpC2gmM0t53RJ9lNUdIIU2pBx606vwS5eBxj5sThOc0pb2xQ0D2PviSue+UXrcPpmLg7mdaLR7gsj0GWY9rs7O2gYVntljHh6aZV8LxWo7KKMQCbXfqQRvi/koGi2R7ZB+4npb6W+tS+d5VXzHR51LqtS3bP9Hemg3yeGe3w5v7aG8X/FaDjY/q9u0+1TkrpCatsgFZzpUoEkR5FT2tKm0ICJOA+ir+bU/vvvAwAAWAVBBkZfbKOCa4P9jyd9qptbrPK7Iyq8dLmaL+v/Tq/g4iqV5gdUU92c8dNvCcU3+rTwBl96GHNMvvmlqns82v8BLxFVsC0qnXSiJknSBI8uv9Su9jur1PhsPPXhMxFXeMVCLcya/b5A5deUKv/JGs2/N+PWlN66D+3nw2KeW1XXORS526u6xzN+8q8rquDiBWrckC7Z5pO3rE7+jv6PwImtQbV1SAUnZI+uMHYbUo+R+tA7w5n6wPrnaP+2ewwF1w7yIX8QjosqVbStVdX/afrGWJLOqlL1qRE1za+TP+PnAxMdQTVUNY784sCIK94jGYYhTfm2XHYpvDaY8VONCUX/HOj/edmcFejbTrv0fEDBjJ8ETGwNKLA1s95QYmq5caF8G/v7QujOhWraYldZhSf1SxPp8xn7XbVqevtWT0LRx2tU/buYXNfNkytPkhwq97pkrK7TwtWR/nprG1V5W8D8xIMY+bHkF6fOW/P8GrW+FlcikZCxNajGK2v1VGZQk2vfzNlBvE6kUe4Lw1P4DYf0rE++Lelj7ooquPgmNWe29TDbq3fEU/0NrYqdVqny3mBCw+hHw3hfGMhQpyHJMAc0ac5KedP9pG/7XVEFby9X6Z2pORlSTlRBeo4J21k1qjtfCiyq6v9lleG+T2S+/kd0fLm/tnL7v2K0HGT/V1D13gYF+85FRK2/qFegyyVvWWqcXP45l6vM3q7GaxoViqfqJeJh+W5YqPszA6lc+2rO7X+APrDNr5q5XjW/NGhPAwBgzCDIwOh7yaeaX9T0Pxa3KDKpXLUr27TqRpdpEkm3ah9eqvLuVnnPdcnlcsnlcstTE1DBnB+lhzEXqPTKEkXvKpf7u26VzCmR210unyq1/D9Sk1mqdx6NiyT/DR65XS653HPU8A+Paq/uvcEiJX9WrVqbypV4xKuS76af0+3RTc8UqPSc/Q6cVsFlLVp140xtur009Rwul1w/qNTS3bP0o6L0nhSUat5ZUTXNdcvlLlHpuW65K3zSpctVd07v3rrkudCu0G0lcn23RHXrDMleqvrfVCrx23IVn5u+B7qiUd0zchyOP7lUl59jyDBM3xhLkgpUed8q1czYpMafuNPt7JK7Yqn2zPqRZmaGHjkqmO2RY6dP3u+6VDLXp4iKVH1PrU7ZWKOScz3p+7gXKmB39d3iMhxF1zWrdkZYNZ4SedL3hC9ca5drmrnmYByqusWjyH/OSfcFjxY+2i1Pw0rVZExkWHBZi1bdNFOR28vl/q5Lru+6VX57RDNvWqWlF/aPJrBfuEQt152izXdW9tWb9webbrre07+x/RjxseQVqvLuFlXP2KTGKzxyu93yLHpKBYsaVJk5IWCufXMYDuZ1olHuC8NRcGGVSu0RNVek+/m5NynsXqSqzPBhuO2VHvFkGIaKB5kAMqd+lNP7wiD+xaNSe0gNJS65zq1TW0YY1i/9+i6KqLEsfdw/KFftXx2qusLV9x6ZzSb3Lc2qnp4KLlI/S5z7+8SA1/8Ijy/n11ZO/1eMnoPr/x7V3GxXq7f3XFSqsf3r8v52Sf9kpek5Lcry/FroSdVzz2lQ5LxazTO9L+TUV0fU/gP7QCISUnBru0Kvmn/CGACAseUQcwHGls5de5PmstHWaRhyTDneXPzZ6zIU/zAh5dlknzj4B6/E7njq27F8m+y2wev0bif/CHtqcrX96N1eLnWzJWTEU9+O5tvsGnRXehIydu+vTnob5mPpXW8/7XBQEobiRiI1+ZzdNsRFTo66DMU/lGwTbf2/INPXNqOwfUkJIy4jMVQbDmKbT5U/Ccjzx9S946lznG/aR5O+c3WAer1tZz5nORr2sWTqScjoTk8YqHY1lnjVcV1AyzMCl5Qc+uYwHfzrZHT6wnD0nfcDPu8otlcu/eiA7wuDSPe7nOofZB/tk8v7xGCv/5Ecn4a53zn8XzGahtX/n62T6wZpabhe7hz7f07vUVJufXWk7Z8hsduQJg69vwAAjAUEGWPclyrIAEaDKciwNkOhFQEVXFqmwoyrCmNtnUp/sUllK/0DRhoA+BxlBRkAAODTwq0lADBWJWKKrl+q8uISeRc1qGFxg2quKFHJL8KaefNSQgwAAAB8KTEiY4xjRAYwTF1RhTd0atIslwoPNAzcEhKKvxbWplc2KRSRHGc65fzCHBvwBbMzouAmaeY5jgFzqQAAgNFDkDHGEWQAAAAAANCPW0sAAAAAAIBlEGQAAAAAAADLIMgAAAAAAACWQZABAAAAAAAsgyADAAAAAABYBkEGAAAAAACwDIIMAAAAAABgGQQZAAAAAADAMggyAAAAAACAZRBkAAAAAAAAyyDIAAAAAAAAlkGQAQAAAAAALIMgAwAAAAAAWAZBBgAAAAAAsAyCDAAAAAAAYBkEGQAAAAAAwDIIMgAAAAAAgGUQZAAAAAAAAMsgyAAAAAAAAJZBkAEAAAAAACyDIAMAAAAAAFgGQQYAAAAAALAMggwAAAAAAGAZBBkAAAAAAMAyCDIAAAAAAIBlEGQAAAAAAADLIMgAAAAAAACWQZABAAAAAAAsgyADAAAAAABYBkEGAAAAAACwDIIMAAAAAABgGQQZAAAAAADAMggyAAAAAACAZRBkAAAAAAAAyyDIAAAAAAAAlkGQAQAAAAAALIMgAwAAAAAAWAZBBgAAAAAAsAyCDAAAAAAAYBkEGRhdOyMKrg0q3JEwL8HBsEy7JhR9Pqjg81GN9T0FAAAAYE0EGRhdEZ9qflGjpmc7zUtwMCzTrp0KLatRzbKQRr6nCRnxuOK7iUIAAAAADESQAWCMCavR45HnmlWKmRcBAAAA+NIjyAAAAAAAAJZBkIFPX8JQPB6X0ZX+uyeh+GshBdcGFXotrkSPqX6mIeomdscVjxsZ8zCYb0dIyNgRUftgc0okDEU3BtPbjMkYpEqfjOcPbogott/KqecMrQ0quDas6FC3RnSl26N3cZeh6MaI4qZqw5IwFOvdz43R/rYeQsKIKrw21Qbhrcb+z8FQMtoxvDXzXAwtsbv3eUOK7Bi4Tu957ZaknlQ7ZZ/nfgfaVpZhnUcAAAAAY9kh5gKMLZ279ibNZaOt0zDkmHK8uXhknq2T64aAHNf55bu8wFS2So0ntGrhra2KZl5HTi7V0odr5bZllEkyNjRp3iJfdt38InnvuV62271q2uLR0nC93JKkkOpcCxWYXq1Vd01Sy/x6BbYlsvejx1BoWZXqHonIyLxwzy9Q8aKlarywMKNQMjY2aV616fkl2U6tVP2yarkn9pfF1zWq+rZWRYzMmlL+tEo13pNdN7aiUqXLIvL8uk3lr96k6gfCMnoyj2UQg7WrJMlQ+4o6Lbo7pHhWGJGvwksa1Hxjsex5GcU9UfkXVanhWVNskl+g4uuXquGSQuVnLxlEQtHVNaq60/Sck92qvbtaxs3lalK1/Csr1bunRrtP9bc2K7jN1JiT3apZ1qiyafmSYvJVlKppS3YVydQ2O4NqvK5WrVsHbqv69npVFmV3pOGcRwAAAABjHyMy8JmJraxS2V0xFd+xSoFAQIE1y1U9yy7t9GvhfwazvlFPbGhQWbVPURWq7Baf/IGAAoFVWjr/RAXnL5JvR0blTEZAdVfUKfzVctX8V6Oqz5rUu0Ch28q08KFOzbxyqVa1hRQOh9S2xqea4m4FF5er8qGMGRl2+nXTtT5Fp1VqaWtI4XBY4VCb/M3Vmhn3qf7ecN/+Jp6t05xFreo8zaulDwdSxxZYpcYLC5XY6tPCa3yDzvUQ/W2VvA92yn1NvRr/q1KnmCscUEKhJWXyLgvJmFqm2gf9qed+eKm8Z9kUXV2jOTf4s0Z6tN9VpYZnpeKbfAqEwgqHwwo9s0qNc8YrdGe9/EO1a4bYQ16VLwkpPtEtb1PvufSp9uyYGufXKWAKc9TRonneJoXyS/v3MeDX8uvcsu8MqfHqeoW6JGmS3Nc1qvG/KlUkSSd4VPNfqb/72mZbq7wX1ai1wyb3VUu1Kr0t3y1lKtwdUtPVZWp6KeO5h3EeAQAAAACjoHPX3uSn/dj85o7kqFlfm3Q6ncmKB7cPKHNeviL5xr7Myslkct8LySXFzqSzeElyU1/h5uTyi5xJp7MieX80q3bKO6uSVWc6k05nbfK5vsLnkrVOZ9LpPC9ZG9yTVT2ZTCa7n1mU3q83zIuSyeSeZNvNxUnnmYuSbR+kSjofrUo6ncXJJX8z100mk3s6k53peinbk88FB9tud7Lt56njWBHrL93+YEW6Pe5PvtGdWX8/BmvXvy1JnjdUuyb3JJ+75byk0+lMLgr0tsemVFvPfyzZaaqdTCaTne8MVmryQVty0ZnOpPPMRcmnBjZzcs+mpckKpzPpvGxFsn9Pu5Obgi8kB6me3HzPnKTT6UzWhzJL0+cyaxvJZDLZmXxsfvocrx9ka9EVyYoznUnnRcuTm9PtMbzzCAAAAMAKGJGBz4zj3BIVZt7mIEl5J6rgBEmGoT29Za+1KbBN0jnzVDk1u7qUuoVg1jRzYdr0SlXNNt2jorie+kNQspWp+rLs20dSbCq+okwFPUG1/ik1fsFut0sytGl9e/ZtKJJks8s+IbOgQO7Zg203X44ZjtQ/95mXSZ6rvSo88H0cQwo92qq4ClS5qHJgu8om9zXzVCQpuNKfHhFiT7V1JKTnzLd4SLJPtpuLBnqhTcEeqeDKefKYm1mSrahMnunm0nwVzXZpkOpyzJgpSeo2t/Fgtj2l1o2SZlWp5qxBtja1UtUX2aRtLWp9PlU0vPMIAAAAwAoIMjD2dMYUk+Q6c2YO8zXkYrM2bpQ0o1An7o6nJ5A0PeyFckgK/21zapVZXlWfKkVWeFVydqkW1DardUNE8SEm0Yyva5T3XLdcLpdcLpfcP1mgprWx1KSVn4qYov+QlOeSs8i8LG2yWyXTJb0WUVSSVKDS+R7ZjaAafuJWyRU1aloRyHmiTkmKbUttyVWUDmhyZLT7VFNW0tc+rpJK1a0eJFzYn46IIpIcZw4eikiSa1ZqJo3NW9M38wzzPAIAAAAY+wgyMOb0Xiynvk0fBTtj2i5Jzzeq1OORZ9BHnYKZ6+QVqvKBNrXcVCrXFEMvP92ixupKeX7gkucGn9oz5oGIPVQpz6JWtU/8Ud8cEK2Ly5T/ZJWqVg42O8Zo2K5Yh6RpUzXYWJCUAp1oWmg7q15r/tgo7+wi5b8VlG9ZnRbMLZHbXa7GdQf+3ZTtsagkh6ZOMS8ZWmJDg8q8TQoaM/vn1PhttWZurVfl7WFz9SHFY9slSYVTMic7NZlSmN0ewziPAAAAAKyBIANjTsGU1KVodNsohQCTC3SiJJ1aLX84NcHlkI9fZfxuSJ5NRZfUavnDbQr9v5ACDzbKe5Zd8Web5K3pnUSzXb77IpLNo6W/r1XpqQWy2+0qOLVYVb/2647zhxo7cLBOVMFUSVs70qMtBhNNjdowyZ9SrKo7WhRoCyvUtkrLbypToaJqXVShxsyJMgdxYkGhpIg6tpmXDCWup1b4FZdD1b9dqqpZhbLb7bJPc6nsplXyXZP7FKf2ghOlA/WLjujA9sjpPAIAAACwCoIMjD1THXJIigRDo3SReYqcTkmvbVR4pN/A5+XLfmqxqn4d0NLzJW18Ws/FJWmPDEPSrBK5B5lvwX7MpxVkFOjb37FJPW0KbTQvS9u5Uc9tleR0DvmLKPm2QrkuqdGqh6vlUFyBte3mKlkKpqZCpvDG/dfr1y1jj6RpJXIPMorDNnEY7TPDKdcB+kX4+ZAkm2YWDTFqY8jzCAAAAMAqCDIw9kz5kcqckl5q1tK1A5MHY12zfFvMpftj148u88imkJrvDA4+L4PRrvaOzL9D8q8b+Nz9jtT4IyTpKNlskjZtVsRcRVJ3T66zTwxf0aVeOWSo9a4WRc1P02PIf0ej2mWT57IfqfcmncjT/oF1M9iOOMCsJLPmqMwmxR5aIl9me6UNPDfjZTtK0tbNigw2L8Vg52Io9h+p4nzbkP0i0d6khtWGNN2rytPShTmfRwAAAABWQZCBMciu0puq5cgzFPiFR6XXNql1bVDBJ31qqPKo5PaoJp1gXmf/8s+qUf35dsWfrJGnolH+12LpiT6jCq9uVLnHK+/PW/puS4g+0qSGRSXyVDVl1Q3du1D1T0r2C0tVMkGSilR6cYG0o0XVtX5Fey/WE3FFVtdp4W8H3OgweqZUqv46h7SlWeUXLVTzk2FF4zFFNrSqscKjhnWS/fx61ZyVDicSQflubVB5cbnqVoQUTU90GnvNr4YbmhTJc6hszgEm8cxzqepXHtl7ImqaW666FUFFdsQV3RhQ86JSeQacG7tKLiyWFFR9dbPC8XSK0pNQdEOTFtwWyKycVijHdElbAvJtiCq6wafgFknKl/vGennsqX5RvqRVoddiim8NK3DvQs252qdYnkPViyvVOx4j9/MIAAAAwCoOMRdgbOnctTdpLhttnYYhx5TjzcUj82ydXDcE5LjOL9/l6cvJwcr6xOSrKFXTFo+WhuuVMUOFtDOoxhvr1fpa7zfq+SqYXaWGW0r08nzzOiHVuRYqML1a/pX9F7LZDLWvqFftPUHFMkcl5NnkOK9KN91YpqLeOx16DLU/NEhd5avg/Dq13OKRvfcnT3sMhZbNU81D0f5f/8izyXFpvW46plneu6XqP/pUmb61IraiUqXLIvL8Oqz6s3pXOID9tGF8XaOqb2tVJHPgQX6Biuc3qO7yoqxf+EhsC2rpzZltmmZzydu0RFV9DbB/8XWNqrq5NWt0h+3UStUvm6PoNeVqUuZ5SCi6ukZVd4YU7xuBka+C2Qu19LxNKv9FYEBbGM/WqeyGQN8tJI7r/fJdlj5uo12+22rVvC6W9WsrtlPLVHdnjYonZxQO5zwCAAAAsASCjDHOckHGp6EnIWN3t8ZPtCk/T/3hx44ytbTVaKhfHx1aQka89ydH82Xr2+5gMutK+Ta7bEPdfdFlKP5heqv7q/epGM4xZe+r8myyTxzJzmY8Z75N9gMdcMJQ3Ejv4RF22Q40EqJ3H4faduYxDFWnzzDOIwAAAIAxjSBjjPvSBhk9howuW2r+CbOdrfJe0Kj22fUK3eER16MAAAAA8OXBHBkYkyL3VKqkbKGaN0SV6LsdIaH4Rp8WXtmodtlVVkGIAQAAAABfNozIGOO+tCMydgZUN79egW1ZExuk5Beq8o77VT1rsOEaAAAAAIAvMoKMMe5LG2RIqXkNtr6sjdG4trdvlDHFrZnfminXdPv+538AAAAAAHxhEWSMcV/uIAMAAAAAgGzMkQEAAAAAACyDIAMAAAAAAFgGQQYAAAAAALAMggwAAAAAAGAZBBkAAAAAAMAyCDIAAAAAAIBlEGQAAAAAAADLIMgAAAAAAACWQZABAAAAAAAsgyADAAAAAABYBkEGAAAAAACwDIIMAAAAAABgGQQZAAAAAADAMggyAAAAAACAZRBkAAAAAAAAyzjEXICxpXPX3qS5bLR1GoYcU443Fw9bZNvb5iIAAAAAAEYVQcYYZ6UgAwAAAACATxu3lgAAAAAAAMsgyAAAAAAAAJZBkAEAAAAAACyDIAMAAAAAAFgGQQYAAAAAALAMggwAAAAAAGAZBBkAAAAAAMAyCDIAAAAAAIBlEGQAAAAAAADLIMgAAAAAAACWQZABAAAAAAAsgyADAAAAAABYBkEGAAAAAACwDIIMAAAAAABgGQQZAAAAAADAMggyAAAAAACAZRBkAAAAAAAAyyDIAAAAAAAAlkGQAQAAAAAALIMgAwAAAAAAWAZBBgAAAAAAsAyCDAAAAAAAYBkEGQAAAAAAwDIIMgAAAAAAgGUQZAAAAAAAAMsgyMCnK2EoHo8rHjeUMC/7IusIqGlxo3wbDfMSAAAAAAeDz9pfeoeYCzC2dO7amzSXjbZOw5BjyvHm4oNivORT/eIWBTsy3lzybHJcVKfG64tVkJ9Z+wumwydvhU9HXd+sxksK9UU+VAAAAOBgxFZUqnRZxFycbXq1/CsrVaBR/qz9bJ1cNwSk85cq/Cu3eSnGMEZkYJQZCt9ZrpKrm1Ihhs2uotmlKi6yyyZDkdU1Kq1oVHhY4WlMvgqXXK46hcyLxpoOn7xen76+uFVLD/aNFQAAAPiiO2KSCk4oSD/ssuWlivMn9pYVqGDS+FThgM/aFrpOwKgiyMCoij92kxY8EpXy7PLc4leoLaCWO2rV2BJQW6BF3lMlbQvogadj5lW/GKZUqqUtoNrZNvMSAAAAACYFlyyVf40//WiRd1qqvOSW3jK//E1lqdEYfNZGGkEGRk9PWPcvC0uSin/VqvofF2SPSJhYpKq7/VoVaNPySwrS6xiKPN6kBXNL5Slxq+SCUnlvbVX77vQ6W/xqWLxUgR2StEkrFzeo4b6Q4r3b7DHUvrpO3jkelZSUqHTuAjWtjQ2cj2N3u3yLylV6bolKLvCqbnW7jNf8aljcoJYNfVuTJCW2BdV0bblKz3XLfW6pyq9tUnBb5hbjCt3XoIbFLQrtjCt41wKVz2lSWFL8+ZaB20zEFFpRJ++cUpW43SqZU64FdwUVG7CTAAAAAIaS9Vl7P9cJ8Q2DfCbPKPdvySoeaHe7Wm/1qvSCErlLPCr11qn1pWENKcenjCADo6c9qIAhyVamsnOGSEltBSqc2PtHQqHbPKq8zaeX49L4Iycp/8OY2p9slHdug0Jdkt7ZKP9jQUUMSYop/Jhf/mBU3ZLUE5VvvkfeJQF1jP+63D90yh5/Wb5flKryrvb+MMMIquYCr5rWRRXryZctL6bQnV6VXd8s/2N+tW3t7q0p49k6zflJjXzPR2XkT9KkfEPR532q+ckc1T3b++bVrWjQL/9jPtVf4VHNQ2FFd3QqIal7a5tpm1G1XFGqhcsC6uiRbPZJUjyq8EM1Kr3Kpy/ouBQAAABg1GV91t7PdcLAz+TZ6298J6s4W4dPlR6vGp9sV2fCpklHJtTZHlDj1SWqXBE118bnhCADoybe0SFDkv5lpr6dvrdt//LlvqhK3qY2hZ5JDRsLtLWpfrakuF+Bv0o6q17hsF/V0yXJo6XhsMLpiX5iD9Wp6aWEHD9bpUDrctXf3KiWZwJaer5d0YdqdX86aQ0vr1cwIdnPb1TbMwH51wTUtt6vqu+YdqcrpMZbA4rLocqWNrU94Zf/iTa1/doju+IK3NqYClf6GJKzVqv+b1jhcL0Gnx6oUKVXelXzcCi1vTV+ta33yTtF0msBtW0z1wcAAABwQPu5Thi5mHw3NynSY1PxLYH0NUqbQq3VcuRJkWV18vH5fUwgyMCosR1xpLnowE6rVOWkTQquDSq4NqRIfLxmznRIkqId+xuvEFNbICKpWJWXZU6qaZP7ynIVKqbAMxFJEW0MGZKKNO+a4r7Jg5RfoNLzXX1rSZJeCKRGlJxfpeqi/hEltrPqdNM5koyAgi9lruBQ5c9KVTghs2wg+3nz5N4VSh9jWNFuh2YWSVJEkQ5zbQAAAACfi46A1myRNN2rhT+295dPrVTdlQWSIgo8u79rFHxWCDIwavK/Okk2SfrrJr3cY146GEOhxR6VVCxUTW29lixrVNWcOVq4Jpc3h6giWyQpqLofuORyZTzKmhWVFNvZKalTsR2SdKIKJpu3kS22LTVUzPGNQtOSfDlmpMKVzVtz2bcMPVH5ri5WaVWNam6t19JldZp3brma2s0VAQAAAHyutkUVlaRvFA4Y2eGYMVOSFIlwe8lYQJCB0VNULI9NktGq1rVDTIZjxBTtnchzm1/Nj8VTsw+vb1NgjV9t61tVlcoMDmCSCk6QpGLVPhFQIDDI40aXpKNks0lSXJ3Zc/0MMGly6u3K2DNw3+PvpAKMgsmTzIv2b0OLml5KSLNr1ba+LXVbS3CJPEeYKwIAAAD4XE0qSAUYXcaAHw+Ix1MXE8O+HsCngiADoyfPpXnXpW7XCN5aprrHTb8esrtdzdeUqtxTogWrY1JHRBFJKnKqqPfekDybHA5z/jkYh5xum6Sgnl7fLbvdnvGwyWazy27Ll1Qk91mSFFbLfeHUHB5K/dpJcG3qF1Z65X/HpSJJsT/4FMzMMoygVj2Zuj3F9Z2s32E5oFhHepTHTFfGbS2FcnwjqxoAAACAUZb9BaWhSOQAo6unO+W2SVrnky/zFvCeqPyt4dRt7Gfm9K0rPmUEGRhV9guXaPmlhVJPXIHbSlV8brkW1Dao7tpylXi8anlN0hSPrjyvQJrhlDtP0tPNat4YVyKRkLE1qJY1EfNm00JaeXermu8LKi7JtaBeHrsUXlKm8iWtqTkonvSpbm6x3Bm/COK+MjU5T2z1AnnO9aqmdoHKzy3RkudNm59cpusvs0tGQDVzF6hhRUCBFQ1aMLdGAUMqvOomlR3g9hSzgtNcskuKrFwq/1ZDiYSh2EafWs3PDQAAAGCEsq8TCqadIkmKrajWgrtaFVzdrJq5HtUMNWq8V55L8653K18RNVeUq+be9LoVlWreIuWfU6cqp3klfB4IMjDKbHLduEptv61W8ZR8JXZHFX7ar8DzURmyyXFJo/wra+SySbKXqv43lSrMi6ilyiO32y3PojbZTzPPUVGgkjlFypeh8O8a1XJfmzYlJNncqn+wUWWnjld0daNqflGjmlubFNhZqLIr3JrUO0/H1Eq1rKyV51SbErvbFVy7WfnnNWrlz02TfUoqur5VLde5ZY+H5V9Wp7plfoXjdrmva9H9PxtB+lpUreab3bLvDqphbonc7hJV3m+ocASbAgAAAJBpiOuEWV7VnmWXeuIKP9SomiU+dXynQcvnH/hDuP3HS7XmjjIVKqrgfY2qWdKi4Fap8JJGrWkoTs0JiM/dIeYCjC2du/YmzWWjrdMw5JhyvLl4dHQZin+YkJQv20Sb8gf7WdaehIzdhhJ5Ntkn7ufWjfS28m122czVep9nqG30SDI9d3y1V54l7XJc75fvMtPtLL37tL/9Ho6EobiRkPJt6VteAAAAAIyKIa4TEkZcqY/gg1w/HFBCRjw1V8bI1seniSBjjLN8kDEWGAHV/DSgmf9Rp/Lv2JWvhOJ/u1/V17Yo0lOkmidahn3LCAAAAADg80GQMcYRZBy8xGstmn9Vs9rNUw/n2eX51UrVn5fxG9EAAAAAgDGNIGOMI8gYJT0JRf8W0sa/hhTpmirnmS65nA7ZGSIGAAAAAJZCkDHGEWQAAAAAANCPXy0BAAAAAACWQZABAAAAAAAsgyADAAAAAABYBkEGAAAAAACwDIIMAAAAAABgGQQZAAAAAADAMggyAAAAAACAZRBkAAAAAAAAyyDIAAAAAAAAlnGIuQBjS+euvUlz2WjrNAw5phxvLh6xd9/fq/e7PtLH+3rMiwAAAAB8Dg4bl6ejJxyu444+0rxoTOAaAsNBkDHGWS3I+OfO93R4/mE65sgJyh+XZ14MAAAA4HOQ2Nej94wudX/8sU6efKx58eeKawgMF7eWYNS8+/5eHZ5/mL460cYbEAAAADCG5I/L0/HH2HREfr7efX+vefHnhmsIjARBBkbN+10f6ZgjJ5iLAQAAAIwRE488Qu93fWQu/txwDYGRIMjAqPl4Xw8pKgAAADCG5Y/LG1PzUHANgZEgyAAAAAAAAJZBkAEAAAAAACyDIAMAAAAAAFgGQQYAAAAAALAMggwAAAAAAGAZBBkAAAAAAMAyCDIAAAAAAIBlHGIuwNjybtz4pblstHXu3aNTTiowFw/bq2++rRknHW8uBgAAADCGjKXP7WNpXwAAAAAAAAAAAAAAAAAAAAAAAAAAAAAAAAAAAAAAAAAAAAAAAAAAAAAAAAAAAAAAAAAAAAAAAAAAAAAAAAAAAAAAAAAAAAAAAAAAAAAAAAAAAAAAAAAAAAAAAAAAAAAAAAAAAAAAAAAAAAAAAAAAAAAAAAAAAAAAAAAAAAAAAAAAAAAAAAAAAAAAAAAAAAAAAAAAAAAAAAAAAAAAAAAAAAAAAAAAAAAAAAAAAAAAAAAAAAAAAAAAAAAAAAAAAAAAAAAAAAAAAAAAAAAAAAAAAAAAAAAAAAAAAAAAAAAAAAAAAAAAAAAAAAAAAAAAAAAAAAAAAAAAAAAAAAAAAAAAAAAAAAAAAAAAAAAAAAAAAAAAAAAAAAAAAAAAAAAAAAAAAAAAAAAAAAAAAAAAAAAAAAAAAAAAAAAAAAAAAAAAAAAAAAAAAAAAAAAAAAAAAAAAAAAAAAAAAAAAAAAAAAAAAAAAAAAAAAAAAAAAAAAAAAAAAAAAAAAAAAAAAAAAAAAAAAAAAAAAAAAAAAAAAAAAAAAAAAAAAAAAAAAAAAAAAAAAAAAAAAAAAAAAAAAAAAAAAAAAAAAAAAAAAAAAAAAAAAAAAAAAAAAAAAAAAAAAAAAAAAAAAAAAAAAAAAAAAAAAAAAAAAAAAAAAAAAAAAAAAAAAAAAAAAAAAAAAAAAAAAAAAAAAAAAAAAAAAAAAAAAAAAAAAAAAAAAAAAAAAAAAAACLOCTzj29u19WSvibprddP1G8zlwEAAAAAAHzeDpGkk6M6PH+8njtE+pfeBUnpkdcLNDerNgAAAAAAwOfoUEkaP15lmSGGUgnHpdPe1DcyywAAAAAAAD5Ph0rSIUl9Yl4gSYfmD14OAAAAAADweThUkno+0OqktCFzQTKpFa8frzcyywAAAAAAAD5PWZN9Orar4pNDNPXQpDoiJ2pl5jIAAAAAAIDP2/8PVpHNuOxFG5wAAAAASUVORK5CYII=\" alt=\"\"><img src=\"data:image/png;base64,iVBORw0KGgoAAAANSUhEUgAABDIAAAFaCAYAAADsNn2wAAAAAXNSR0IArs4c6QAAAARnQU1BAACxjwv8YQUAAAAJcEhZcwAAEnQAABJ0Ad5mH3gAAEKuSURBVHhe7d1xfFP1of//txaLMqNokGkdSsdGlH3LnDfRjUxHO71m+h3VaSvXVncN+hhFHxZ9SN2urW623CvVOynfSfU7rZsEv0rZNPhT42QNXzTsq2FO6VSCw3QiQbER5GC1kZrfH0nb5LSFtFTt0dfz8cjjQT/nc07O+ZxPQs47n/PJIcKY1rlrb9JcBgAAAADAl9Wh5gIAAAAAAICxiiADAAAAAABYBkEGAAAAAACwDIIMAAAAAABgGQQZAAAAAADAMggyAAAAAACAZRBkAAAAAAAAyyDIAAAAAAAAlkGQAQAAAAAALIMgAwAAAAAAWAZBBgAAAAAAsAyCDAAAAAAAYBkEGfjyeX+bXtoaV4+5HAAAAAAw5h1iLsDY0rlrb9JcNvp2a/nv39QtRx2nzotOMC9MeadDs1Z9oMryb2nBV80LreWt9Q/pGRXryrOHOFaT9j8u0x+2jtM3f/zvqjhlgnmx1LlOTQ9s0qQfX6eKU8wLx7pNWnnHOr1uLs5ytM6+8qcqmbRDf3nkT9oy7V/1U2dubSftUNt9rWqfXqbqHNsbAAAAAPaHERn4ktmh19+Upn59uBfV+/T6nwJq/9BcbnVTNMvzfc3pfXz/azpS0vHfzijzODXDJkldeved97Wt4119ZN7MZ2XzH/XLO/6odnM5AAAAgC8Nggx8uby1VR06Sd/8mnnBAXzlaB3zyVv6w0Pr9K55maUdo8Ki03V67+Obx+owSbaTMsqKvqXjx0vSNM257jrVXjJTh5s3AwAAAACfEYIMHIR9+udLW3XRA3/XtOWbNOO+V/Wz4Nva+Ulmnb1a++fX9eu/79H7r3fo3x/4u6bd83fNWtWhcJek+Hbd8tArqfUfiMi3wzxzRY/ef71DP1uR8RyhnXo/6zly99Ybb0onTdNwcwzln6w5nq/p8Pc2adX6Heal2YxX9PSaP+s1w1S+4y96ZM1ftM1UvDf6nFY+cK9uX7pcty//vVb+Zav29h7fxx1a//gaPfnKLtNakj7p0F/WZC7bp3dffkL3/O+Mba1/RbtG2FYDva/Xgmv0dOT97OJdr6jtj7/Xnb9ZroZl9+ruPz6n1z/IrjLAzrDWrFmjJ1/eoX29ZR9s1fo//l53Lluuht+Yt5N67kc2vivpXb2wZo0e2fhW3+YAAAAAfHkQZGCEerQluEX/EvpQ40+aqHvPOV7Lvn24dkZ2asaKDm3pu3jepy1vfaj/3vCmvvfXT/Rj92T9rmi8ut/dowsf26wfPWro8G8ep9+dc5TO6O7Wwj9t0z+zniOiaX/6QEec8lW1XfZ1PfXDo3TE5rc1bdWb2tlXL1cjva0k5chTfqKLvzVO7z7/qP4QNS/N0P2uNkfe0o5uU/n7O/RaZId2ZxS9vf73uvPRzRr37fM0b16F5v3PGRr38hNa+tBftEuSDpuqE/SWXtj4SurvDB+1h/V05H0d+bVj0ttaqbvXvqXDpp2u0h//UKXf/Zo+eunPanpgnd4elTCjSzu2dmjzO139RTvX6e6WP+sFY5LO+MEPdPF5p6vwo1e08retenGoMGNXWL9/+C96dd9UlXz7BI1Tejv3PKG/jZuhiysrtPCy8+Q6dLNW3vt/9BdTbgIAAADgy40gA/1icc247++DP/x7tCWz7pv/1L/9/RNdfFahHv7h13TO9Mk6x/V1PXrFsTpn7x79+//NvFyXdOwx+svcr+vi6ZN1lvubWjJF6u46TLd5T9F/uCbrrOlTda8rX9rzcf/Ek+9s07///RPNO/cULXUdp5MnHqmTC7+mpf9m18Xv7VbNi+ak4ABGeltJhm96LtLZx+5T++N/PPj5MjrX6ZHnP1DRRVfp0tOn6jjb0TruJJcu/elsFXaGtebl1PF90+nQkTs36y9ZA0F26YWXdkhTv6Uzjpa048/yPf+Bvvmvl2veD106dZpDp57+Q827+nsq3L1Jjzx3gFEkI/KWnvzjJu06ebYW/vQCnV30LZ3qcOn8yy7XNVdcoNO/Yq6fDjFW/EU7vjZbC3/Se4vKDrWt2STj1PNUPcelwmOP1pHHTtUZF16mOSft0tN/elEf6WidWjxHlzqPk3SczpgzR5c6D+JEAgAAALAsggz0O3qCGp3HDP44dbwmZ1TdsvVD/fOICbp2pulqdcIJuubkQ7Xlzd0ZIyukk+1f0dEZf3/TlicdlqfJGT1w/Pi8jBrSllc/0JYjj9S86dnlmnCirpp6qP6/Nzqzyw9gxLeVZDr0BJWUztRxH78l/xObDmrSy7df+Yd2He2Qu9C04IiZOmP6OEVfj6T+PuF0nTG5Sy9uTP8tSe+/old3jlPR6afrcElvb4lq71em6ewi06+qHOHSrOnjtOv1yOjP7bEzoteN8Tr9e+Y5MybouGMH+XWXDzZpZTrEuPbCjHV2vqr2XRP0Hacju74m6PR/OVnjOrbq1VEZUQIAAADgi4AgA/2+coT+52knDv6YPl4TM6q+ubtHOuxQHZVRlpKnk75ySPbIihF6c3eP1LVHF5pHh9z3d/204xPpg4+zwpL9O7jbSrJMmq15/3qCFF2n+w80X8Z+vBvvkoyIfrf8Xt1pevxhyz5p93vp8OEYnXHaCdq3ZZN6B6Fs27hZb9scOmNaxrbyxw86CefEo78ivfee3jYvOFjvva9dOlyHjzcvGETXq1p5/zq93j1BM783U0dmvvO89752qUvhVQPb4c4n/ql96tLu9zLqAwAAAPhSI8jAiBw9/lDpE2mwmzv27EtKR+Tpq+YFw3T0+EOlI4/SU1f9D71qfiyYqc6fTtXJ5pWGMgq3lWQ6vOgClU4bp3fDf1LbgAlKc3P44eOko2do3oKf6UbT4+cLr9Mvr5qt43rrFs1UUd4OvfDiLumTiF5o79Lx3z5dUzK39UmPBtuTj7o/kr7ylawgalSMH69x+lgf5zBaYlf7K9p96g91/rSEXmg13ZYzfrzG6WjNmjuwHW68doF+ueinKpmUUR8AAADAlxpBBkbEddJ4ae8HWv1P06XzJ+/q8Tc/0fjjJ6goe8mwuU4aL+35QE+8Y14yfKNyW0mWCSq68IcqOux9rf/TwIk4pY/0kTnl+Ti7rb759eOlXf9Uey53yBzq0BlFE/T2yy/q9fZNau85QWecnprkU73bej+qF7dnrSV90qH2rd0aN2VqX+gxak7+hk49rEubXxtkVIop3DjS8UPNO/dbOuPCi3T2V1I/Y9s3AenJU1R46Ptqf3WQ7QAAAACACUEGRuZ/HKfbjurRr5/6h3zvpK/Yu9+Tb/U7+vVH+VriPt68xvCln+MWf0S+nb0/0tmj7ne2a6Hvda3NebLNUbytJNOhDl08d2bfqIk+xx6rSYd2a9PzL2pXjyTt066t63R/0HShfsr3dPax72v9w6164b2+HyHVvp0v6pHfr9FrpiBkivMUHW9E9Ehwh8ZNn6nTM2/pOOV7OvvYLr3wh1a9sDO94sc79MIfntQLHxyjH55tnn9iFBzq0NnOo7XrhUf1+xd3aN8nkj7p1tsvr1HTPU/otY/7qx428djUbS+HnqCSH8/Ucbs36XePpecYOXSm/vXMo7UrvEYrX3y3/+dYP96hFx9boUci5kSoWx9+KOnDroOaowQAAACANRFkYIQmasFlJ2rJsfu0cFVEk/7XJk36329p4Z7DtKT0G6rsHyxwENLPMXGfFj7yauo5/tcrOnH1bu0+caJcR5jrD2GUbyvJMnm2LnZlTmOaujD/4ZlHa9/W59T062X65R3Lde/zUsn3zTtwgkr+/ScqOe49/en+5frlHcv0yzuWqcEX1keF31Khee6Jo106Y+o+7ft4gk4fMDFmeltffU9/+v29qW0tbdWf3j1OJZf9m75n2sXRctz3KzTv+8fp3XWtavjvZfrlf9+re/68Q5NmzdKph5lrp02erXkXfE3a2j/HyHHfr9C8Wcdqx7r/o4Z0O/xyaavauqfojJMyGqLQoVPHv6snf7NMv1zu16ahfuIVAAAAwBfWIeYCjC2du/YmzWVjTvde7fxQ0qGHafJR5qvvUfLxh9r5QY+kPB098QgN51l63t2qyMcFmlGQa/IxSnq6tLfrY+nwo3XkUBf1vXrr6jAdbpugceblw/Hx+9r7kaRDD9eRXxlOSx2MffrI+ED7Dnr/e7cjjZtwtA43/WCN1N9WQy4HAAAA8IVGkDHGWSLIAAAAAADgM8KtJQAAAAAAwDIIMgAAAAAAgGUQZAAAAAAAAMsgyAAAAAAAAJZBkAEAAAAAACyDIAMAAAAAAFgGQQYAAAAAALAMggwAAAAAAGAZBBkAAAAAAMAyCDIAAAAAAIBlEGQAAAAAAADLIMgAAAAAAACWQZABAAAAAAAsgyADAAAAAABYBkEGAAAAAACwDIIMAAAAAABgGQQZAAAAAADAMggyAAAAAACAZRBkAAAAAAAAyyDIAAAAAAAAlkGQAQAAAAAALIMgAwAAAAAAWAZBBgAAAAAAsAyCDAAAAAAAYBkEGQAAAAAAwDIIMgAAAAAAgGUQZAAAAAAAAMsgyAAAAAAAAJZBkAEAAAAAACyDIAMAAAAAAFgGQQYAAAAAALAMggwAAAAAAGAZBBkAAAAAAMAyCDIAAAAAAIBlEGQAAAAAAADLIMgAAAAAAACWcYi5AGNL5669SXPZp6Xro2519+xTzyefmBcBAAAAADAmEGSMcZ9VkGF8+KEOH5+vY4+aoPxx48yLAQAAAAAYE7i1BOr6qFuHj8/X8cceRYgBAAAAABjTCDKg7p59OvaoCeZiAAAAAADGHIIMqOeTTxiJAQAAAACwBIIMAAAAAABgGQQZAAAAAADAMggyAAAAAACAZRBkAAAAAAAAyyDIAAAAAAAAlkGQAQAAAAAALIMgAwAAAAAAWAZBBgAAAAAAsAyCDAAAAAAAYBkEGQAAAAAAwDIIMgAAAAAAgGUQZAAAAAAAAMsgyAAAAAAAAJZBkAEAAAAAACyDIAMAAAAAAFgGQQYAAAAAALAMggwAAAAAAGAZBBkAAAAAAMAyCDIAAAAAAIBlEGQAAAAAAADLIMgAAAAAAACWQZABAAAAAAAsgyADAAAAAABYBkEGAAAAAACwDIIMjKKYfBUuuVymh7tE5dc2yb/FMK/wmYitqJSrwqeYeQFwsJ6tk8tVp5C5HPg0bfOrxlsj/zbzgv2wWl8dzf19tk4uV6V8+2mv0K0uuW4d/rONdL2hpf4frVzxKfyPNZptCgDA54wgA6PvtEo1/ldj/+Nmrxx7/GqoKFHl3e36fOKMsSakOpdLdc+ay62DgAj4DAx28bm7Q5vaQ9q4NZFZ+pni9Q8AAD5PBBkYfQVOFZ9T3P84v1L1D7Zp1c1udf7Oq6qH+OgLACNWVK1AOKT62fnmJQAAAF8KBBn4zBRe2Ki6822KLFuqYFfmkoRia5u0YK5HJSUlKp27QE1rY8r+rtFQ++o6eedk1Hk8IqMnq5KMl1pV5y1VSUmJPHNr5HvJUHd2lZRETMG7Fqj8ghKVnFuq8mubFNyW47ebu9vVeqtXpeeWqOSCUnlvbVX7blMdI10nY/u9t9bEN7SoYfFKbZK06ZEGNSz2K9K7Xo+hyONNWjA3fQxzvKpb3T7gOPskImpd0qDmZ+PmJVJPRK2LG9S8rn9ZVvsMuu24Qvc1qGVDXMZWvxoz6jb2bSci/+IGLX0mJu0IaOniVP2UhGIbfKrzlspTUqKSOeVacFdQscymjYfUsrhFobih6OON8s4pUUmJR6XeRgV3ZtSTlNgWks/Ujgc8T73b39nbZ9LrLvINPE+SEtuCarq2PON8+hQ27UdmvdRxedU4oI9mH1vquReqdUfv+iM4FqX6RPuKGpWn2yl1HP3nKUsOfTPyWIMaHotIO8NqXtR7POWqWTHIaKkcXif920u3413h3pWH1RfM7WWW63731csykvaKK3h3gxpWm7eVWha6t0GNqyN9fSCnfrSf94WBUvvc8MgmSZu0cnHGcfW1m2mN5zPbe7DXt5mh8IoGNdyV/drY//vEfl7/wzq+fjm9tqQc/68YRTn0/wG2+FPv6ZnrXlAq7xJT31f6td37HtX32h70f6wD9NW0EbX/4H0AAICxjiADn6F8uS/yyNYTVOil3jJDoVvnqPSuqIqua1Zra6uWXlek6J2lmnNXe9+akXsr5b3PUMktLak6Nxare6VX1aszLtKfrVPZ1Y0KT/SopnGJ6q9yKXZ7peqeMX2QM0Kqm1OqJduKVL2sVa0PL1V1UVRLyuaoqW+/htDhU6VnvlonlKrxwVa13teo0vxWeS9YKH/fRUtEzT/16v7dJaq9L7X9RbO7tfLKarWaL2yyGAr83CPvyk7NuqpRvtb7VX/F1xW506uyjLbIku/QVLWp5cE2maOMRPB+NT72hibNsEuSoisqVXJNq2wXNcrX2qqWJaUa/4hXnhv8Get2Kxr0y39PtSpvjqjwslotaaxRaWFMrYsWHWD/pci9ZSpbvEGTzq9Vc6tPzdcVK//pGpVWZzxHV1Rtj/nVfH2lbnq1UJffskRLbixVYaxVNTe39td7rVllc+u1YeKPVLusVb5lC1Wc95RqyjLbehC927+xUvVbZ6a2f71HBa82yTu3TqHM7tDhk7esRk/lF6vqV0u05OYquXb7tGBOpXwdA+ut6nRqXsMSLfl5uWxPVmn+b6MZlTKPrUyL/jxeJfNLNTP/II5FhkK3lcl7d4ccZTVa0livqjNjqvdWq3mNX21bMy56cuqbUuff/PK31ss7f6VUXK36xnpVnSkFl1WreWN/vVxfJ73bq5zbrO1FZao660Rp2H3B1F6DyHW/O//ml/9vnZmr9vXr4bWXXTO/+ob8y/0Km8OALavUeF+bNNWh/PS2DtyPRvq+MIiuqNoea1M0IxCOrqiUp9qneFGlbmqoV/18l4wHvCqtDQ4MqKRUOHx3lRbcvVlTL6pU0cRUaW7vE4MZ4fHl+trK8f+KUZNj/x/gnY3yP9aq+muq5J8wR9W/WqL6K93au6ZGpVf5FO3rS+nX9p1hHXVB5mu7TgHzCTtgX9UI23/wPgAAAHDQOnftTX7aj81v7kiOju3JFZc5k85bnjMv6PfBU8lFTmey4sHtyWQymexeX5ssPrMq+dg7pnrR+5MVzjnJ5ZFk33Z71+mzrzvZva/33y8klxQ7k8U3tyX3ZFXak2y7uTjpvGxFMv2MyeduKU465z+W7Myql0y+8UBF0nnR8uRmU3m/1H6cd8cmU3n6OX7eluxOJpPJN1ckK5wVyRVvmqp1d2f88Vyy1ulM1q7PKEomk8l3tic7e48pbfuDFUln8ZKk+Vn7RJYn5/S1Va/O5KqrnKZ9Oi+55G+ZdZLJ5J62ZG2xM7nomd59Sx3jgHZMn7fM/d3+YEVGu6bt2Z7cnn0Cksn1tUmnsyr5WG+Dv7kiWeEsTtYGsyt2BxYlnc7aZH/v2ZPc/qZpY/ueS9ae6UxWPWo+exmG2H7vsRbf/kK6YHNy+UWDHGtyT/KpG50Zx5Zuy8vuT75hOjdvPFCRvc9vrkhWOJ3JigffyK440mMJL0kWO89L1q4f/Fj6XxM59s1kMvncLYMdy+bk8h9nbi/318lztziTzvNqk8+Zz3vOfWGw9hoot/1O1xvwHmR+D8mxvT5oSy46M/P1kfLC7cUZbZBjP8rpfWEQ62tNr4tBthVZnpwzaJ/POAdZ29mT3PSbiqTzzIrkimhG/ZzfJwZ5/Zv3qdd+jy/311Zu/1cMYX1t0ul0JovPn5Oc8+PBH8WzMvvNMPt/Zn9bX5t0OiuS92e2a7J3P53JK1vTWwwvSRYPes5G+NrOpf1z6QMAAFgEIzLwuQo9HZBxTplKJ5sWTC1VmTOm4IaopAJ9+zt2RVbWqunxiGJGenxuXr7y89L1t2xUyChQWUWxbJnbkU0OR0H/nz0hBZ405Lm0VKlxCv0Kf1wm17agQpnfxGfqCGjNlkKVX1JkWmBT8SUe2da2KdQjqeDbmmmPyHdrk/yvxdS7u8of4qvmTJMnSVtCar23Qc2rQ4rEEyqYWigZhvaY6/aaXq7K02JqfbR3SL+knW166iWbyi4uVr6k6J/XKDKtXGWnZa4oyVas8vNtCq7Lnse+wOHIbscJNo3P/HsotgJNiocVWNGkphUBhTsS0lSHHNojI+t2ogI5pmWfqfwJ5mewqcDeqfCTPjXd5VNgY1QJFcoxTdpjDDH8us/A7ctWrMqLC2SENqZu5ekIKbht8D7jubRMti0Bte2Q1BVW+CWp+IpKFfb2t7TCaYXZBZIkhzyzzeUjO5bI8yEZJ5Sq8izzsTjkOCHj71z7Zq9vOEzHYpMt8ymG+zo50yO3aRdz7wuDtdcQDrTfucq1vSYUq+wim4KPZIxG6Akr+LShosvK5dAw+tHBvC8cQHRDULETylQ529xPClQwoH0Siv6uSt4VUtXKFlVO7V8y3PeJLCM5vmG8tnL7v2J/CuS+YqEWXjf4o3RGRtXh9v8BCuXIaFdJ0tRKVc6W2p8PK9H32h7snI3wtT2s9h+6DwAAYBUEGfhsbdmkjZJOmVYgKabtUUnBepXOKTU9vGraJEWjqYlBi65fqcZiyX97pUpL3HKVpO+N770464wpJptsR2Y920Cx7YpKaltsfr5SlV7ZpJcVVXSon+jbFlVUUfmuGWTdmwMyFNX2mKS8ItU82KgS+dV4RalK3C6VlKXm69g/Q6HFc+S5sl7BLodOmRBV662VWvDggT6g21V6abGMR1v75h6JPOpT+5QylTpTf8eiUanDpyrzfs8p1aInDSm6fVR+fSD6kFfFZQvV8g+7HCcY2nj3fJX/Z2CIoe0H0OGT99xyLXwwIrvjRBl/bdb8ioaBw66HwXaUTdoRU6d6z+cQfearBSpQRJF/SIp3KiZp/ITBLghyNMJj6dwZk2w20wXyIHLtm7k6mNdJ2qj2hdE2jPZyXVSmgpd8WrUl9Xci2KrWrmJdfn76EjfXfjTi94UDi0WjufUTdSvyO6/K744ov3ieyqZl9+mDep8YyfHl/NrK/f+KodnkmJUxCbXp4czIu0ej/w+UL9sESbFOdX4ar+2c23//fQAAAKsgyMBnyFBwdUBGXrHcp0nSeNmOknROvfxr/AMebaGwwr9yp1bNs6v4pha1hcIKPbNKS690qOPujLkjcvlAqNTIgqMkldwy8Pn8a9oUCodVf5Z5pTSbTTY55L3HvJ5f/ifaFA77VDklXXdysWpa2hT6fyG1PbxUXkeHmq4uU+P+7q3e4lPjYwmV/Sag5deXqfj8StX+ZpWWXDDJXHOA/OIylU0IasWTcaknLP8jsf5vjCUdZbNJ07xqMe/3Gr8CbWGFV1Yq83P8iHQF1bysXY6b1mjVryrlOadMVXe0yPczl7lmDhIK3tuk9hk1WvNwvSrPL1bZzxrV8mCVRrK1Xt09CSkvPfLDZpNNCSXM8x9I0l5DhgpUMKm/z4zcyI/lKJtN6kkMPmFtpuH0zVwczOtEo90XPgXDaa+sEU9x+R8JynZRmYonZG4rh36kEb4v5CDnfqKgmh8uUG1TlQqDNapakR2SHvT7xHCPL+fX1jD+rxgNB9v/h5DokZQeeXJUrkOJhtNXc2r//fcBAACsgiADn5HUUNaapw05rluYvgiwyzXLIT0bUChrqPkgMi4S8icWyn15vZbML1T8by+nviGcPlNORdT2/MDp6Lp7MqaKt7s0a7oUWhsa/kz3RW658yIKrDvQN38Z+5uXL9s0tyoblqhqWlyb2vez7jsxxVSggq9mF9vsOXzgzXOp9NICtT+0Su3mb4wlFZ3plrYE1DbsbxGHIb5dsR7pxK9mD8bOt9tzC5mydGr7m5IKCrKHdufblUtzSIaMveaymELPRKWznKkAocgtd15U/icG/ipFpC2gmM0t53RJ9lNUdIIU2pBx606vwS5eBxj5sThOc0pb2xQ0D2PviSue+UXrcPpmLg7mdaLR7gsj0GWY9rs7O2gYVntljHh6aZV8LxWo7KKMQCbXfqQRvi/koGi2R7ZB+4npb6W+tS+d5VXzHR51LqtS3bP9Hemg3yeGe3w5v7aG8X/FaDjY/q9u0+1TkrpCatsgFZzpUoEkR5FT2tKm0ICJOA+ir+bU/vvvAwAAWAVBBkZfbKOCa4P9jyd9qptbrPK7Iyq8dLmaL+v/Tq/g4iqV5gdUU92c8dNvCcU3+rTwBl96GHNMvvmlqns82v8BLxFVsC0qnXSiJknSBI8uv9Su9jur1PhsPPXhMxFXeMVCLcya/b5A5deUKv/JGs2/N+PWlN66D+3nw2KeW1XXORS526u6xzN+8q8rquDiBWrckC7Z5pO3rE7+jv6PwImtQbV1SAUnZI+uMHYbUo+R+tA7w5n6wPrnaP+2ewwF1w7yIX8QjosqVbStVdX/afrGWJLOqlL1qRE1za+TP+PnAxMdQTVUNY784sCIK94jGYYhTfm2XHYpvDaY8VONCUX/HOj/edmcFejbTrv0fEDBjJ8ETGwNKLA1s95QYmq5caF8G/v7QujOhWraYldZhSf1SxPp8xn7XbVqevtWT0LRx2tU/buYXNfNkytPkhwq97pkrK7TwtWR/nprG1V5W8D8xIMY+bHkF6fOW/P8GrW+FlcikZCxNajGK2v1VGZQk2vfzNlBvE6kUe4Lw1P4DYf0rE++Lelj7ooquPgmNWe29TDbq3fEU/0NrYqdVqny3mBCw+hHw3hfGMhQpyHJMAc0ac5KedP9pG/7XVEFby9X6Z2pORlSTlRBeo4J21k1qjtfCiyq6v9lleG+T2S+/kd0fLm/tnL7v2K0HGT/V1D13gYF+85FRK2/qFegyyVvWWqcXP45l6vM3q7GaxoViqfqJeJh+W5YqPszA6lc+2rO7X+APrDNr5q5XjW/NGhPAwBgzCDIwOh7yaeaX9T0Pxa3KDKpXLUr27TqRpdpEkm3ah9eqvLuVnnPdcnlcsnlcstTE1DBnB+lhzEXqPTKEkXvKpf7u26VzCmR210unyq1/D9Sk1mqdx6NiyT/DR65XS653HPU8A+Paq/uvcEiJX9WrVqbypV4xKuS76af0+3RTc8UqPSc/Q6cVsFlLVp140xtur009Rwul1w/qNTS3bP0o6L0nhSUat5ZUTXNdcvlLlHpuW65K3zSpctVd07v3rrkudCu0G0lcn23RHXrDMleqvrfVCrx23IVn5u+B7qiUd0zchyOP7lUl59jyDBM3xhLkgpUed8q1czYpMafuNPt7JK7Yqn2zPqRZmaGHjkqmO2RY6dP3u+6VDLXp4iKVH1PrU7ZWKOScz3p+7gXKmB39d3iMhxF1zWrdkZYNZ4SedL3hC9ca5drmrnmYByqusWjyH/OSfcFjxY+2i1Pw0rVZExkWHBZi1bdNFOR28vl/q5Lru+6VX57RDNvWqWlF/aPJrBfuEQt152izXdW9tWb9webbrre07+x/RjxseQVqvLuFlXP2KTGKzxyu93yLHpKBYsaVJk5IWCufXMYDuZ1olHuC8NRcGGVSu0RNVek+/m5NynsXqSqzPBhuO2VHvFkGIaKB5kAMqd+lNP7wiD+xaNSe0gNJS65zq1TW0YY1i/9+i6KqLEsfdw/KFftXx2qusLV9x6ZzSb3Lc2qnp4KLlI/S5z7+8SA1/8Ijy/n11ZO/1eMnoPr/x7V3GxXq7f3XFSqsf3r8v52Sf9kpek5Lcry/FroSdVzz2lQ5LxazTO9L+TUV0fU/gP7QCISUnBru0Kvmn/CGACAseUQcwHGls5de5PmstHWaRhyTDneXPzZ6zIU/zAh5dlknzj4B6/E7njq27F8m+y2wev0bif/CHtqcrX96N1eLnWzJWTEU9+O5tvsGnRXehIydu+vTnob5mPpXW8/7XBQEobiRiI1+ZzdNsRFTo66DMU/lGwTbf2/INPXNqOwfUkJIy4jMVQbDmKbT5U/Ccjzx9S946lznG/aR5O+c3WAer1tZz5nORr2sWTqScjoTk8YqHY1lnjVcV1AyzMCl5Qc+uYwHfzrZHT6wnD0nfcDPu8otlcu/eiA7wuDSPe7nOofZB/tk8v7xGCv/5Ecn4a53zn8XzGahtX/n62T6wZpabhe7hz7f07vUVJufXWk7Z8hsduQJg69vwAAjAUEGWPclyrIAEaDKciwNkOhFQEVXFqmwoyrCmNtnUp/sUllK/0DRhoA+BxlBRkAAODTwq0lADBWJWKKrl+q8uISeRc1qGFxg2quKFHJL8KaefNSQgwAAAB8KTEiY4xjRAYwTF1RhTd0atIslwoPNAzcEhKKvxbWplc2KRSRHGc65fzCHBvwBbMzouAmaeY5jgFzqQAAgNFDkDHGEWQAAAAAANCPW0sAAAAAAIBlEGQAAAAAAADLIMgAAAAAAACWQZABAAAAAAAsgyADAAAAAABYBkEGAAAAAACwDIIMAAAAAABgGQQZAAAAAADAMggyAAAAAACAZRBkAAAAAAAAyyDIAAAAAAAAlkGQAQAAAAAALIMgAwAAAAAAWAZBBgAAAAAAsAyCDAAAAAAAYBkEGQAAAAAAwDIIMgAAAAAAgGUQZAAAAAAAAMsgyAAAAAAAAJZBkAEAAAAAACyDIAMAAAAAAFgGQQYAAAAAALAMggwAAAAAAGAZBBkAAAAAAMAyCDIAAAAAAIBlEGQAAAAAAADLIMgAAAAAAACWQZABAAAAAAAsgyADAAAAAABYBkEGAAAAAACwDIIMAAAAAABgGQQZAAAAAADAMggyAAAAAACAZRBkAAAAAAAAyyDIAAAAAAAAlkGQAQAAAAAALIMgAwAAAAAAWAZBBgAAAAAAsAyCDAAAAAAAYBkEGRhdOyMKrg0q3JEwL8HBsEy7JhR9Pqjg81GN9T0FAAAAYE0EGRhdEZ9qflGjpmc7zUtwMCzTrp0KLatRzbKQRr6nCRnxuOK7iUIAAAAADESQAWCMCavR45HnmlWKmRcBAAAA+NIjyAAAAAAAAJZBkIFPX8JQPB6X0ZX+uyeh+GshBdcGFXotrkSPqX6mIeomdscVjxsZ8zCYb0dIyNgRUftgc0okDEU3BtPbjMkYpEqfjOcPbogott/KqecMrQ0quDas6FC3RnSl26N3cZeh6MaI4qZqw5IwFOvdz43R/rYeQsKIKrw21Qbhrcb+z8FQMtoxvDXzXAwtsbv3eUOK7Bi4Tu957ZaknlQ7ZZ/nfgfaVpZhnUcAAAAAY9kh5gKMLZ279ibNZaOt0zDkmHK8uXhknq2T64aAHNf55bu8wFS2So0ntGrhra2KZl5HTi7V0odr5bZllEkyNjRp3iJfdt38InnvuV62271q2uLR0nC93JKkkOpcCxWYXq1Vd01Sy/x6BbYlsvejx1BoWZXqHonIyLxwzy9Q8aKlarywMKNQMjY2aV616fkl2U6tVP2yarkn9pfF1zWq+rZWRYzMmlL+tEo13pNdN7aiUqXLIvL8uk3lr96k6gfCMnoyj2UQg7WrJMlQ+4o6Lbo7pHhWGJGvwksa1Hxjsex5GcU9UfkXVanhWVNskl+g4uuXquGSQuVnLxlEQtHVNaq60/Sck92qvbtaxs3lalK1/Csr1bunRrtP9bc2K7jN1JiT3apZ1qiyafmSYvJVlKppS3YVydQ2O4NqvK5WrVsHbqv69npVFmV3pOGcRwAAAABjHyMy8JmJraxS2V0xFd+xSoFAQIE1y1U9yy7t9GvhfwazvlFPbGhQWbVPURWq7Baf/IGAAoFVWjr/RAXnL5JvR0blTEZAdVfUKfzVctX8V6Oqz5rUu0Ch28q08KFOzbxyqVa1hRQOh9S2xqea4m4FF5er8qGMGRl2+nXTtT5Fp1VqaWtI4XBY4VCb/M3Vmhn3qf7ecN/+Jp6t05xFreo8zaulDwdSxxZYpcYLC5XY6tPCa3yDzvUQ/W2VvA92yn1NvRr/q1KnmCscUEKhJWXyLgvJmFqm2gf9qed+eKm8Z9kUXV2jOTf4s0Z6tN9VpYZnpeKbfAqEwgqHwwo9s0qNc8YrdGe9/EO1a4bYQ16VLwkpPtEtb1PvufSp9uyYGufXKWAKc9TRonneJoXyS/v3MeDX8uvcsu8MqfHqeoW6JGmS3Nc1qvG/KlUkSSd4VPNfqb/72mZbq7wX1ai1wyb3VUu1Kr0t3y1lKtwdUtPVZWp6KeO5h3EeAQAAAACjoHPX3uSn/dj85o7kqFlfm3Q6ncmKB7cPKHNeviL5xr7Myslkct8LySXFzqSzeElyU1/h5uTyi5xJp7MieX80q3bKO6uSVWc6k05nbfK5vsLnkrVOZ9LpPC9ZG9yTVT2ZTCa7n1mU3q83zIuSyeSeZNvNxUnnmYuSbR+kSjofrUo6ncXJJX8z100mk3s6k53peinbk88FB9tud7Lt56njWBHrL93+YEW6Pe5PvtGdWX8/BmvXvy1JnjdUuyb3JJ+75byk0+lMLgr0tsemVFvPfyzZaaqdTCaTne8MVmryQVty0ZnOpPPMRcmnBjZzcs+mpckKpzPpvGxFsn9Pu5Obgi8kB6me3HzPnKTT6UzWhzJL0+cyaxvJZDLZmXxsfvocrx9ka9EVyYoznUnnRcuTm9PtMbzzCAAAAMAKGJGBz4zj3BIVZt7mIEl5J6rgBEmGoT29Za+1KbBN0jnzVDk1u7qUuoVg1jRzYdr0SlXNNt2jorie+kNQspWp+rLs20dSbCq+okwFPUG1/ik1fsFut0sytGl9e/ZtKJJks8s+IbOgQO7Zg203X44ZjtQ/95mXSZ6rvSo88H0cQwo92qq4ClS5qHJgu8om9zXzVCQpuNKfHhFiT7V1JKTnzLd4SLJPtpuLBnqhTcEeqeDKefKYm1mSrahMnunm0nwVzXZpkOpyzJgpSeo2t/Fgtj2l1o2SZlWp5qxBtja1UtUX2aRtLWp9PlU0vPMIAAAAwAoIMjD2dMYUk+Q6c2YO8zXkYrM2bpQ0o1An7o6nJ5A0PeyFckgK/21zapVZXlWfKkVWeFVydqkW1DardUNE8SEm0Yyva5T3XLdcLpdcLpfcP1mgprWx1KSVn4qYov+QlOeSs8i8LG2yWyXTJb0WUVSSVKDS+R7ZjaAafuJWyRU1aloRyHmiTkmKbUttyVWUDmhyZLT7VFNW0tc+rpJK1a0eJFzYn46IIpIcZw4eikiSa1ZqJo3NW9M38wzzPAIAAAAY+wgyMOb0Xiynvk0fBTtj2i5Jzzeq1OORZ9BHnYKZ6+QVqvKBNrXcVCrXFEMvP92ixupKeX7gkucGn9oz5oGIPVQpz6JWtU/8Ud8cEK2Ly5T/ZJWqVg42O8Zo2K5Yh6RpUzXYWJCUAp1oWmg7q15r/tgo7+wi5b8VlG9ZnRbMLZHbXa7GdQf+3ZTtsagkh6ZOMS8ZWmJDg8q8TQoaM/vn1PhttWZurVfl7WFz9SHFY9slSYVTMic7NZlSmN0ewziPAAAAAKyBIANjTsGU1KVodNsohQCTC3SiJJ1aLX84NcHlkI9fZfxuSJ5NRZfUavnDbQr9v5ACDzbKe5Zd8Web5K3pnUSzXb77IpLNo6W/r1XpqQWy2+0qOLVYVb/2647zhxo7cLBOVMFUSVs70qMtBhNNjdowyZ9SrKo7WhRoCyvUtkrLbypToaJqXVShxsyJMgdxYkGhpIg6tpmXDCWup1b4FZdD1b9dqqpZhbLb7bJPc6nsplXyXZP7FKf2ghOlA/WLjujA9sjpPAIAAACwCoIMjD1THXJIigRDo3SReYqcTkmvbVR4pN/A5+XLfmqxqn4d0NLzJW18Ws/FJWmPDEPSrBK5B5lvwX7MpxVkFOjb37FJPW0KbTQvS9u5Uc9tleR0DvmLKPm2QrkuqdGqh6vlUFyBte3mKlkKpqZCpvDG/dfr1y1jj6RpJXIPMorDNnEY7TPDKdcB+kX4+ZAkm2YWDTFqY8jzCAAAAMAqCDIw9kz5kcqckl5q1tK1A5MHY12zfFvMpftj148u88imkJrvDA4+L4PRrvaOzL9D8q8b+Nz9jtT4IyTpKNlskjZtVsRcRVJ3T66zTwxf0aVeOWSo9a4WRc1P02PIf0ej2mWT57IfqfcmncjT/oF1M9iOOMCsJLPmqMwmxR5aIl9me6UNPDfjZTtK0tbNigw2L8Vg52Io9h+p4nzbkP0i0d6khtWGNN2rytPShTmfRwAAAABWQZCBMciu0puq5cgzFPiFR6XXNql1bVDBJ31qqPKo5PaoJp1gXmf/8s+qUf35dsWfrJGnolH+12LpiT6jCq9uVLnHK+/PW/puS4g+0qSGRSXyVDVl1Q3du1D1T0r2C0tVMkGSilR6cYG0o0XVtX5Fey/WE3FFVtdp4W8H3OgweqZUqv46h7SlWeUXLVTzk2FF4zFFNrSqscKjhnWS/fx61ZyVDicSQflubVB5cbnqVoQUTU90GnvNr4YbmhTJc6hszgEm8cxzqepXHtl7ImqaW666FUFFdsQV3RhQ86JSeQacG7tKLiyWFFR9dbPC8XSK0pNQdEOTFtwWyKycVijHdElbAvJtiCq6wafgFknKl/vGennsqX5RvqRVoddiim8NK3DvQs252qdYnkPViyvVOx4j9/MIAAAAwCoOMRdgbOnctTdpLhttnYYhx5TjzcUj82ydXDcE5LjOL9/l6cvJwcr6xOSrKFXTFo+WhuuVMUOFtDOoxhvr1fpa7zfq+SqYXaWGW0r08nzzOiHVuRYqML1a/pX9F7LZDLWvqFftPUHFMkcl5NnkOK9KN91YpqLeOx16DLU/NEhd5avg/Dq13OKRvfcnT3sMhZbNU81D0f5f/8izyXFpvW46plneu6XqP/pUmb61IraiUqXLIvL8Oqz6s3pXOID9tGF8XaOqb2tVJHPgQX6Biuc3qO7yoqxf+EhsC2rpzZltmmZzydu0RFV9DbB/8XWNqrq5NWt0h+3UStUvm6PoNeVqUuZ5SCi6ukZVd4YU7xuBka+C2Qu19LxNKv9FYEBbGM/WqeyGQN8tJI7r/fJdlj5uo12+22rVvC6W9WsrtlPLVHdnjYonZxQO5zwCAAAAsASCjDHOckHGp6EnIWN3t8ZPtCk/T/3hx44ytbTVaKhfHx1aQka89ydH82Xr2+5gMutK+Ta7bEPdfdFlKP5heqv7q/epGM4xZe+r8myyTxzJzmY8Z75N9gMdcMJQ3Ejv4RF22Q40EqJ3H4faduYxDFWnzzDOIwAAAIAxjSBjjPvSBhk9howuW2r+CbOdrfJe0Kj22fUK3eER16MAAAAA8OXBHBkYkyL3VKqkbKGaN0SV6LsdIaH4Rp8WXtmodtlVVkGIAQAAAABfNozIGOO+tCMydgZUN79egW1ZExuk5Beq8o77VT1rsOEaAAAAAIAvMoKMMe5LG2RIqXkNtr6sjdG4trdvlDHFrZnfminXdPv+538AAAAAAHxhEWSMcV/uIAMAAAAAgGzMkQEAAAAAACyDIAMAAAAAAFgGQQYAAAAAALAMggwAAAAAAGAZBBkAAAAAAMAyCDIAAAAAAIBlEGQAAAAAAADLIMgAAAAAAACWQZABAAAAAAAsgyADAAAAAABYBkEGAAAAAACwDIIMAAAAAABgGQQZAAAAAADAMggyAAAAAACAZRBkAAAAAAAAyzjEXICxpXPX3qS5bLR1GoYcU443Fw9bZNvb5iIAAAAAAEYVQcYYZ6UgAwAAAACATxu3lgAAAAAAAMsgyAAAAAAAAJZBkAEAAAAAACyDIAMAAAAAAFgGQQYAAAAAALAMggwAAAAAAGAZBBkAAAAAAMAyCDIAAAAAAIBlEGQAAAAAAADLIMgAAAAAAACWQZABAAAAAAAsgyADAAAAAABYBkEGAAAAAACwDIIMAAAAAABgGQQZAAAAAADAMggyAAAAAACAZRBkAAAAAAAAyyDIAAAAAAAAlkGQAQAAAAAALIMgAwAAAAAAWAZBBgAAAAAAsAyCDAAAAAAAYBkEGQAAAAAAwDIIMgAAAAAAgGUQZAAAAAAAAMsgyMCnK2EoHo8rHjeUMC/7IusIqGlxo3wbDfMSAAAAAAeDz9pfeoeYCzC2dO7amzSXjbZOw5BjyvHm4oNivORT/eIWBTsy3lzybHJcVKfG64tVkJ9Z+wumwydvhU9HXd+sxksK9UU+VAAAAOBgxFZUqnRZxFycbXq1/CsrVaBR/qz9bJ1cNwSk85cq/Cu3eSnGMEZkYJQZCt9ZrpKrm1Ihhs2uotmlKi6yyyZDkdU1Kq1oVHhY4WlMvgqXXK46hcyLxpoOn7xen76+uFVLD/aNFQAAAPiiO2KSCk4oSD/ssuWlivMn9pYVqGDS+FThgM/aFrpOwKgiyMCoij92kxY8EpXy7PLc4leoLaCWO2rV2BJQW6BF3lMlbQvogadj5lW/GKZUqqUtoNrZNvMSAAAAACYFlyyVf40//WiRd1qqvOSW3jK//E1lqdEYfNZGGkEGRk9PWPcvC0uSin/VqvofF2SPSJhYpKq7/VoVaNPySwrS6xiKPN6kBXNL5Slxq+SCUnlvbVX77vQ6W/xqWLxUgR2StEkrFzeo4b6Q4r3b7DHUvrpO3jkelZSUqHTuAjWtjQ2cj2N3u3yLylV6bolKLvCqbnW7jNf8aljcoJYNfVuTJCW2BdV0bblKz3XLfW6pyq9tUnBb5hbjCt3XoIbFLQrtjCt41wKVz2lSWFL8+ZaB20zEFFpRJ++cUpW43SqZU64FdwUVG7CTAAAAAIaS9Vl7P9cJ8Q2DfCbPKPdvySoeaHe7Wm/1qvSCErlLPCr11qn1pWENKcenjCADo6c9qIAhyVamsnOGSEltBSqc2PtHQqHbPKq8zaeX49L4Iycp/8OY2p9slHdug0Jdkt7ZKP9jQUUMSYop/Jhf/mBU3ZLUE5VvvkfeJQF1jP+63D90yh5/Wb5flKryrvb+MMMIquYCr5rWRRXryZctL6bQnV6VXd8s/2N+tW3t7q0p49k6zflJjXzPR2XkT9KkfEPR532q+ckc1T3b++bVrWjQL/9jPtVf4VHNQ2FFd3QqIal7a5tpm1G1XFGqhcsC6uiRbPZJUjyq8EM1Kr3Kpy/ouBQAAABg1GV91t7PdcLAz+TZ6298J6s4W4dPlR6vGp9sV2fCpklHJtTZHlDj1SWqXBE118bnhCADoybe0SFDkv5lpr6dvrdt//LlvqhK3qY2hZ5JDRsLtLWpfrakuF+Bv0o6q17hsF/V0yXJo6XhsMLpiX5iD9Wp6aWEHD9bpUDrctXf3KiWZwJaer5d0YdqdX86aQ0vr1cwIdnPb1TbMwH51wTUtt6vqu+YdqcrpMZbA4rLocqWNrU94Zf/iTa1/doju+IK3NqYClf6GJKzVqv+b1jhcL0Gnx6oUKVXelXzcCi1vTV+ta33yTtF0msBtW0z1wcAAABwQPu5Thi5mHw3NynSY1PxLYH0NUqbQq3VcuRJkWV18vH5fUwgyMCosR1xpLnowE6rVOWkTQquDSq4NqRIfLxmznRIkqId+xuvEFNbICKpWJWXZU6qaZP7ynIVKqbAMxFJEW0MGZKKNO+a4r7Jg5RfoNLzXX1rSZJeCKRGlJxfpeqi/hEltrPqdNM5koyAgi9lruBQ5c9KVTghs2wg+3nz5N4VSh9jWNFuh2YWSVJEkQ5zbQAAAACfi46A1myRNN2rhT+295dPrVTdlQWSIgo8u79rFHxWCDIwavK/Okk2SfrrJr3cY146GEOhxR6VVCxUTW29lixrVNWcOVq4Jpc3h6giWyQpqLofuORyZTzKmhWVFNvZKalTsR2SdKIKJpu3kS22LTVUzPGNQtOSfDlmpMKVzVtz2bcMPVH5ri5WaVWNam6t19JldZp3brma2s0VAQAAAHyutkUVlaRvFA4Y2eGYMVOSFIlwe8lYQJCB0VNULI9NktGq1rVDTIZjxBTtnchzm1/Nj8VTsw+vb1NgjV9t61tVlcoMDmCSCk6QpGLVPhFQIDDI40aXpKNks0lSXJ3Zc/0MMGly6u3K2DNw3+PvpAKMgsmTzIv2b0OLml5KSLNr1ba+LXVbS3CJPEeYKwIAAAD4XE0qSAUYXcaAHw+Ix1MXE8O+HsCngiADoyfPpXnXpW7XCN5aprrHTb8esrtdzdeUqtxTogWrY1JHRBFJKnKqqPfekDybHA5z/jkYh5xum6Sgnl7fLbvdnvGwyWazy27Ll1Qk91mSFFbLfeHUHB5K/dpJcG3qF1Z65X/HpSJJsT/4FMzMMoygVj2Zuj3F9Z2s32E5oFhHepTHTFfGbS2FcnwjqxoAAACAUZb9BaWhSOQAo6unO+W2SVrnky/zFvCeqPyt4dRt7Gfm9K0rPmUEGRhV9guXaPmlhVJPXIHbSlV8brkW1Dao7tpylXi8anlN0hSPrjyvQJrhlDtP0tPNat4YVyKRkLE1qJY1EfNm00JaeXermu8LKi7JtaBeHrsUXlKm8iWtqTkonvSpbm6x3Bm/COK+MjU5T2z1AnnO9aqmdoHKzy3RkudNm59cpusvs0tGQDVzF6hhRUCBFQ1aMLdGAUMqvOomlR3g9hSzgtNcskuKrFwq/1ZDiYSh2EafWs3PDQAAAGCEsq8TCqadIkmKrajWgrtaFVzdrJq5HtUMNWq8V55L8653K18RNVeUq+be9LoVlWreIuWfU6cqp3klfB4IMjDKbHLduEptv61W8ZR8JXZHFX7ar8DzURmyyXFJo/wra+SySbKXqv43lSrMi6ilyiO32y3PojbZTzPPUVGgkjlFypeh8O8a1XJfmzYlJNncqn+wUWWnjld0daNqflGjmlubFNhZqLIr3JrUO0/H1Eq1rKyV51SbErvbFVy7WfnnNWrlz02TfUoqur5VLde5ZY+H5V9Wp7plfoXjdrmva9H9PxtB+lpUreab3bLvDqphbonc7hJV3m+ocASbAgAAAJBpiOuEWV7VnmWXeuIKP9SomiU+dXynQcvnH/hDuP3HS7XmjjIVKqrgfY2qWdKi4Fap8JJGrWkoTs0JiM/dIeYCjC2du/YmzWWjrdMw5JhyvLl4dHQZin+YkJQv20Sb8gf7WdaehIzdhhJ5Ntkn7ufWjfS28m122czVep9nqG30SDI9d3y1V54l7XJc75fvMtPtLL37tL/9Ho6EobiRkPJt6VteAAAAAIyKIa4TEkZcqY/gg1w/HFBCRjw1V8bI1seniSBjjLN8kDEWGAHV/DSgmf9Rp/Lv2JWvhOJ/u1/V17Yo0lOkmidahn3LCAAAAADg80GQMcYRZBy8xGstmn9Vs9rNUw/n2eX51UrVn5fxG9EAAAAAgDGNIGOMI8gYJT0JRf8W0sa/hhTpmirnmS65nA7ZGSIGAAAAAJZCkDHGEWQAAAAAANCPXy0BAAAAAACWQZABAAAAAAAsgyADAAAAAABYBkEGAAAAAACwDIIMAAAAAABgGQQZAAAAAADAMggyAAAAAACAZRBkAAAAAAAAyyDIAAAAAAAAlnGIuQBjS+euvUlz2WjrNAw5phxvLh6xd9/fq/e7PtLH+3rMiwAAAAB8Dg4bl6ejJxyu444+0rxoTOAaAsNBkDHGWS3I+OfO93R4/mE65sgJyh+XZ14MAAAA4HOQ2Nej94wudX/8sU6efKx58eeKawgMF7eWYNS8+/5eHZ5/mL460cYbEAAAADCG5I/L0/HH2HREfr7efX+vefHnhmsIjARBBkbN+10f6ZgjJ5iLAQAAAIwRE488Qu93fWQu/txwDYGRIMjAqPl4Xw8pKgAAADCG5Y/LG1PzUHANgZEgyAAAAAAAAJZBkAEAAAAAACyDIAMAAAAAAFgGQQYAAAAAALAMggwAAAAAAGAZBBkAAAAAAMAyCDIAAAAAAIBlHGIuwNjybtz4pblstHXu3aNTTiowFw/bq2++rRknHW8uBgAAADCGjKXP7WNpXwAAAAAAAAAAAAAAAAAAAAAAAAAAAAAAAAAAAAAAAAAAAAAAAAAAAAAAAAAAAAAAAAAAAAAAAAAAAAAAAAAAAAAAAAAAAAAAAAAAAAAAAAAAAAAAAAAAAAAAAAAAAAAAAAAAAAAAAAAAAAAAAAAAAAAAAAAAAAAAAAAAAAAAAAAAAAAAAAAAAAAAAAAAAAAAAAAAAAAAAAAAAAAAAAAAAAAAAAAAAAAAAAAAAAAAAAAAAAAAAAAAAAAAAAAAAAAAAAAAAAAAAAAAAAAAAAAAAAAAAAAAAAAAAAAAAAAAAAAAAAAAAAAAAAAAAAAAAAAAAAAAAAAAAAAAAAAAAAAAAAAAAAAAAAAAAAAAAAAAAAAAAAAAAAAAAAAAAAAAAAAAAAAAAAAAAAAAAAAAAAAAAAAAAAAAAAAAAAAAAAAAAAAAAAAAAAAAAAAAAAAAAAAAAAAAAAAAAAAAAAAAAAAAAAAAAAAAAAAAAAAAAAAAAAAAAAAAAAAAAAAAAAAAAAAAAAAAAAAAAAAAAAAAAAAAAAAAAAAAAAAAAAAAAAAAAAAAAAAAAAAAAAAAAAAAAAAAAAAAAAAAAAAAAAAAAAAAAAAAAAAAAAAAAAAAAAAAAAAAAAAAAAAAAAAAAAAAAAAAAAAAAAAAAAAAAAAAAAAAAAAAAAAAAAAAAAAAAAAAAAAAAAAAAAAAAAAAAAAAAAAAAAAAAAAAAAAAAAAAAAAAAACLOCTzj29u19WSvibprddP1G8zlwEAAAAAAHzeDpGkk6M6PH+8njtE+pfeBUnpkdcLNDerNgAAAAAAwOfoUEkaP15lmSGGUgnHpdPe1DcyywAAAAAAAD5Ph0rSIUl9Yl4gSYfmD14OAAAAAADweThUkno+0OqktCFzQTKpFa8frzcyywAAAAAAAD5PWZN9Orar4pNDNPXQpDoiJ2pl5jIAAAAAAIDP2/8PVpHNuOxFG5wAAAAASUVORK5CYII=\" data-filename=\"image.png\" style=\"width: 1074px;\"></p>', 'Abierto', '2025-02-16 14:51:17', NULL, NULL, 1);
INSERT INTO `tm_ticket` (`tick_id`, `usu_id`, `cat_id`, `tick_titulo`, `tick_descrip`, `tick_estado`, `fech_crea`, `usu_asig`, `fech_asig`, `est`) VALUES
(10, 1, 2, 'dawdaw', '<p><img src=\"data:image/png;base64,iVBORw0KGgoAAAANSUhEUgAAAZ8AAADZCAYAAAD/lD1RAAAAAXNSR0IArs4c6QAAAARnQU1BAACxjwv8YQUAAAAJcEhZcwAAEnQAABJ0Ad5mH3gAAB5ISURBVHhe7d17VBT3/f/xp7Kuq9wUEYSoeEXi3XiJUYOJl582tdH4TWySWtua6kmN36ZN2vT2s9+cxPTXX5p7kzSNqfl9rebK12iqKSZqDFEkoEEUYb1EBBRBAYXlssACvz9YcBnQgOJwez3OmXOc92dm3dld9jWf+czMdqmurq5GRETERF2NBRERkRtN4SMiIqZT+IiIiOkUPiIiYjqFj4iImE7hIyIiplP4iIiI6RQ+IiJiOoWPiIiYTuEjIiKmU/iIiIjpFD4iImI6hY+IiJhO4SMiIqZT+IiIiOkUPiIiYrou9oxz+jE5ERExVRf9kqmIiJhNh91ERMR0Ch8RETGdwkdEREyn8BEREdMpfERExHQKHxERMZ3CR0RETKfwERER0yl8RETEdAofERExncJHRERMp/ARERHTKXxERMR0Ch8RETGdwkdEREyn8BEREdMpfERExHQKHxERMZ3CR0RETKfwERER0yl8RETEdAofERExncJHRERMp/ARERHTKXxERMR0Ch8RaaccJPxzLWtfiyat3NgmbV2X6urqamNRRMRc+1gz+RdEG8sG819I4OnbARzse+Y+njg0i2fXPcH0XsYlmyOLjT9YyMvHR/Do5o0sHWBslxtBPR8RaQOsBIaEElo79bLWlL186eNRD7RSFzxrTi9l4yZ38Hy5hsmTJ7P0n1mGx5W2Sj0fEWl7vlzD5MeiIfxRtm5aSqhnWyXg5Vm4vPyIn29l4w/rLd0E6vm0BvV8RKR98TrG1mfWsvaZrRwjj31vrWXt+4cByPrsJdY+s5atxwE8l/Pkrr+1j7x6daNysna+zKr7FzJr+nRm3b2EVS9+TpbGl1qEwkdE2plcDmzZytYtB8iljLTPt7L1q5rDbY7Uz9m6ZSsHcozLNbL+52mU1at7crDvv+5m4e82knDagbVPINaiNBLeeYKFd69hn8O4vDSXwkdE2rFQlm5KIOGF+QCM+PlWEhJqT0q4duVfPsuaT/IgfCnrP9tN9Mdbid69m5fu6gN50ax5bh/qAF0fhY+IiMG+HdE4gPkPP8oY39qqL9N/8xvu9ALHjs9JqL+KNJPCR0SknizOpgGMYMQgQ1PPEYwdClTaScs0tEmzKHxEROoJJDAUwIGjyNiWR9Y5gFAC+xjbpDkUPiLSwZXhKPGYPX2MNI/ZhqxMvnUMkMWHmz7H89wCx54PiHYA4yczuadHgzSbwkdEOoxjH/2ND6Ne5sMjAIMZcTPA5zy9fA0bP4lm4zOrmP+DvxlOvW6ozz2/ZGkQOHY8wX0/W1u37n2/jcbhNZjlj92HOj7XR+EjIu3fxPncFwRkRvPs/93IhwfTgFCWPLacwVYo/yaal/9rDS/HWln6xv+m5ty4q/Aaw6PvrefR2/uQd2BrzbpbEsjrM51H1/2Dn91sXEGaS3c4EJEOohxHnoNyL1/61N6eB6CyHMelRupNVeIgr7S85lY/17K+NErhIyIiptNhNxERMZ3CR0RETKfwERER0yl8RETEdAofERExncJHRERMp/ARERHTKXxERMR0Ch8RETGdwkdEREyn8BEREdMpfERExHRdUjKydWNRkU6km8UL/542+vr7GJta3YWCIgpKnFS4Ko1N0sHortYinUy5q5J8RwllFRWEBQUYm1tN+vl8bNZu9PbpidXiZWyWDkbhI9JJnb9URJcutIke0IWCIqqqqwnu5Wtskg5KYz4inVQvnx4UlDiN5VZRUOKkt09PY1k6MIWPSCdltXi1mbGVClelDrV1MgofERExncJHRERMp/ARERHTKXxERMR0Ch8RETGdwkdEREyn8BEREdMpfERExHQKHxERMZ3CR0RETKcbi4p0YqmZOdw8INhYNt31Po+k6PfYXRTG/ffeRoixsYNLin6P3dnGan3+EZEsnxqAPeYzYongB5HD6W5cqLnsO3kxDmb9eA7jjG1NoJ6PiEg7NmDUSCIn105DGGAD/EM9aiOZMjgAKCX/UjEFOTmcr13ZvpMX/99Okuo/pCkUPiIi7VjAgLFMHFU79SfAAvQI9KiNZXSwDejNtLvv55f3zWCA8UFagdeTTz75pLEoIp1DbmFxm/g9n+t9Hjknk0kr78XokQPwBcg6yJa4c3gPtpIZu4ctew8Re/gYSZmX8B8wgIBul9d15R7m4+h97D6QTFzqKc516cUw1zE+jjuH99BQ/AEK7XwWY6e0bx8Kj8SwJcZOaehwBvQAKOf80X1EfRHPl1+ncPD4KbLpxdAgH4+9+0ryU/fywZ6DfPl1MgdTT5FeVElgcF+8PW/mXXSKmN172f7VYeKSj3H0rAPffv0IsDa1n+AgLSWdHGswtw3ra2wkM3Enn2dbiQipJHnfPmIzC7nkLKPgwllOF1qJCPG7/NrVbrtbwfG9RNtLCBkYiA0g9xRxZ2Dw+CH0q12oqpCTB79kS8xB9ia6XwuXN/37+WH1eCzU8xHpGDZt2kReXp6xDMC5c+f45z//aSx3bIUXSTubyWdbYkgilGlTx3PnCD/IS+ffsScuL5eznw2fpJBJIKNvHc/cWwbgnbaPDbGZpJ29SH7tcmUXyTx7nvhPP+HTTBh08yBCLADFJEVvZVNSEaHjbmPZwjl8b1xvCg99zpt7Lv8/Zck7+e+EXPxHTmHZwjncOz0M/9yjRO2x46pdKGc/6zfHY/cawHe+M4dl8ycyyusM/9q8g9iCuoe6Lvk5uaTlFBrL9RVerL/tbiX5uaSdu0iJoX5ZMUmf7uBfKUUEDBvB3OnjuXVwD84l7WV9dArFhqUVPiLtXFRUFC+99BIrVqwgNze3XltCQgJLly7llVdeYefOnfXaOoMB0xfyg+njGT1kOKMnzWHuYCuui7mcAyCXmNh0CnqGce+iSCLDhxMRPp65CxbynVDjIwGUQ//prLpnDrPGjWSwH5TZ9xNz3sat372LueH98ffrzYDwGfxgThi200f4LKtmTfuZixAUwaJRNcsEDRjL3AULWXlHBBYAstj9ZTrF/Seycu54Bgf0xj8gjFvnzmNW32K+2nuYsvpP5jr1ZvT0OSwa4Qf4MX7uHBZN6G9cqFnKkveyO7sbo+d9j0WTxhIxZDgTJ81h5exQumcf5d/2+j9cqPARaedmzZpFWFgYmZmZrFy5sq4HtHHjRlavXk1hYSFz584lMjLSuGoH50NQcP0fqLN18/jKc54hswCCwicQUu+b0IuQgMYOAdoYNNQzlSqxp+Xi6hvGNM/jUwDBEUT0LiftdE36DAjyhvN23otLIbOo9kvYiqX28F9OOieLbESMGl73EDW8GTciEMuFc9irDE1tSiX2zIsQOIhIw2vOTSOJ8K8kM/N0vbLCR6SdCwgI4M0332To0KFkZmayYsUKfve73/Hyyy8D8Otf/5o//elPWK3Go+6dnKOUMqC71WZsaaIc8oqBC8d4/b3NhulzDhZAceElAAJumcX3wm0UnjhMVNQWXtzwIes/O8z5CvdDXSymGCf2XcbH2czrcbm4KOUKR1XbCPdrYbE2cgp3IP49gIKL7h5nDYWPSAdQG0AjRowgMzOTnTt3EhAQwLp161iyZIlxcQHobsULcFVf60+J98DWDQgaxar7FzeY/nPZ/fxy/kj3st4Mm3oXK394P//5/TtZNC4Yzqew6ZODNWMrVi8s2Bg1t+HjrHrwPn7540XManj+QBvifi2q60awPDhxugBbDwI8qgofkQ7Cz8+Pv//974wcOZIxY8awadMmxo4da1xMavkFE9oDLpw+2mAwvLis3FBpTG8GB9vgQhZJ9YczGqq6HHCWHsEMHhfJ8lt6w8WLZAIMCiakq5PT37gHiVpdOU7jNl31sF/ta3GGr0oNTaV2TuZDQL/+9XpFCh+RDsTb25vXX3+ddevWERgYaGyWevozbVwg5KTw/u4UMkvLcZXmYI/7hPePGuOocSHjIxjcNZfdn+zlZFFtwJSTf2o/m7bFuw8zOUnetZX1+06QX3uYraqQpPRC6GGr6Q10Hcn0ETYKju/jvaScy2fAlWdx8LN/seWEMQlaUjnOUqC0uOakhj7e+FPI0a/TKasCqpycO7qTf528+nMIGR/BYK9CYrfHYC+oCW9XwQn+vd3Oea9gbr2l/udR1/mIdDBWq5WuXZu2X3m919e0lOt9Hg2u82nsGhSg6Iyd5EKfuuWsgWEM755Hsv0UScmpxKdmcsE6hEUjqkg667F+yRkSTxTTKzyCwd4eD2gJJGKIhdwT3xB3KNk9pZJ0poyg0eOY3LcnYCHA28GJwynsTUzmQEoq8YeO802FL7feeQejfWreK9/+Q+hfcYak5GPEJrof60g62bZQbhs3uN61SVd29et8ck4mk4ZHm085OcfSOXI4mbjUbLoNG07/XgF0vfAN9tMZJCQlE5dkJ63LIKb1c3DKcfm1a/Aa174WJ08RfziFuEPJxNvPcckayuwFtzOye/3PpO7tJtKJXe891VpKW3gertJi6OGNBSj4+l+sP+rDd354JxHGBa+kvJACZyV07YG/T+MnMbhKL1JcwVWXgXKKC4txAZYevfFuUuhch4piCkrLG/5f7u1pUG+Cuu3s5o1/j8ZPdGna7pGISEeUc5DdqTUXXVrcwUPFGeJPFUNAHwYbl78aqx/+fr2vEio1YfJty4AVb7+a5Zr7pX9Nunk3/n+5t6dBvQnqtvMKwYN6PiKdW1vocdCKz6MgdSebEnKp7O5NSEAPLJWlZJ0vpqx7MN+5+04iehjXkJai8BHpxFrrS9+oVZ9HeRb2E+fJupBLsS2QwTeFETGgt/vOA3KjKHxEOrFW/dL30Faeh5hHYz4iImI6hY+IiJhO4SMiIqZT+IiIiOkUPiIiYjqFj4iImE7hIyIiplP4iEir62bxotx1rb+rI+2RwkdEWp1/TxuOkqvfsl86FoWPSCdV7qqkm8XLWG4Vff19KHKWk+8oUQ+ok9DtdUQ6qbzCYqqqq6/rd3Ra2oWCIgpKnFQogDo8hY9IJ1PuqqSotAxHaRlhQb2NzSKm6JKSka3wEelEulm88O9pa1M9Hul81PMRERHT6YQDERExncJHRERMp/ARERHTKXxERMR0Ch8RETGdwkdEREyn8BEREdMpfERExHQKHxERMZ3CR0RETKfwERER0yl8RETEdAofERExncJHRERMp/ARERHTKXxERMR0Ch8RETGdwkdEREyn8BEREdMpfERExHQKHxERMZ3CR0RETKfwERER0yl8RETEdAofERExncJHRERMp/ARERHTKXxERMR0Ch8RETGdwkdEREyn8BEREdMpfERExHQKHxERMZ3CR0RETKfwERER0yl8RETEdAofERExncJHRERMp/ARERHTKXxERMR0Ch8RETGdwkdEREyn8BEREdMpfERExHQKHxERMZ3CR0RETKfwERER0yl8RETEdAofERExXRd7xrlqY1FERORG6lLiLFf4iIiIqXTYTURETKfwERER0yl8RETEdAofERExncJHRERMp/ARERHTKXxERMR0Ch8RETGdwkdEREyn8BEREdMpfERExHS6t5u0WRavl7F4vUaXLqeNTU1SXT0IV+UjuCofNTaJSCtT+EibZPF6mW6WXxvL16TC9RcFkEgbo/CRNslmDb9qjycv8ft8ZLfVzfeb+D4Lwp31lqlVXT0IZ/lxY1muUUV2KonZRQD07DeG0f1sUJRB8skcSowLe/IbypQhAcaqXEXO7nU8v7fAWG46n5t55LHvEmastwEKH2mTenS3GksehvLhsw8R4/k32fsAv/nVZvp7lDyVlpUbS+1Gzp51PF9vY2v4TlnCStuORts8+U5Zwpr5A43l5ivPx/51AolnznIyJR8H4DtpMWvuCiV+w6tEXXlfwc2baQ/9jEU3GevN50zZzJ+iTtH47kYTDJnJU0snc3n3pW3qyOGjEw6k/bHPYL/x7/HieHZ10M5NVrZxY2s4zmfh7ArdjA0GPbu6rv1L2pM1gIip83jg3gnUzw8bYyMnM2XkEEZfbZoylciQeiu2GhtcvZcmN1yX1JLy6jBFkLQxV+752Nj/9h9556SxDoR/zF9/FGesQjvv+SS+9xzvHgf6Tea3P52E/e2/seUsMGgGTy2b2gp774msf2oX9rqezxDjAtJCano+3Vn0xDKmud/oxmqJ7z3Hu1n1ezmN1dqSrq+9soN0Y/WGKCD5081siDJO24k92/ieXUvK+foDnn9jO/YW2QVsqgxiojazIWoX9lJjG6THbWZD1A6SC40tckUXZxFTFzwu+vV1XG47PpXdN/6j1Hqq2vCxiionjsKCq0/tN//lBuiy+vcvVE/7yWoWDTA2tbQsdrz6DrvyjfUawTMe5PFZocZyCykg5q11bMuyMOHBX/DAMGP7jXJ5D5HQqfz2pzPwHG6t2aP1Z/bDK5gX5NEgV+z5pG37HS/s962Z8T/Kwz+8yLZXZ3DG3d7n9jd4cn6G5yrQUXo+RoNm8MjAI7xm1phPnYY9nys+x3r8mb1qBfMCjfXma/aYTzsZ4zFqrJfTWK2xXk5jtbakK4HDmdDXWL6RBvLAH3/Fs+7pmVVTGWaFnL3RxNywHoA/kT9exsqHfmJi8BhkxfH27ixjVZqjahwxB93BA/hFHGBUyG4iPd7TvK9u5+jl2Q4hNNS/0XGd4H5BYOaYz1WEhgZgsxir9XULDCLM21i9Ds3oBdq6tucxnvNs/+urPP1CzfRafEGD2kengKJU/uGer6u1YV2+zi2vjvAxlm+E2p7PQB744xImeLTU7jVFLP4Vyy1befqTTG6e/yADU/6HHQXhrHxoJsG4yPl6O+/uTePCJRf08GforXdw34zh+F6K480NB8jxHeNeFqjKYsfbm4kvG8wDP/0uvgc28GYczFy2jMhAyImtmZ+2eAKOnXtJyC7GK3AIC5YsZmzhLjZ8fIT0QrANnMRDS2cQ2hWoKsC+dxfRh7K4UOiE7h7PodE/BPceoo83viXFOKq8mfaTn9X1Mhv2fK6yjV3h5KfreDcZJnx/BQs8Rnzz497htdhiJixewYLAE+yK/pKEtELyy8AWGMrMOfOYPcz/8grtQGM9n9KEh3liS+0e/EVmrf4L94QY6zBq8e95eGLdLLTzno90XjW9HC+m3D2G2k+4I+UrdpzsWa+WEf8F8UUDmTdrMLW7ZzW1ttvz8XrxqTVPGos3hoNv4o+QVurPmJmjqDvppSqLg18cIb3URvjUKUSUHmZ7Uh5n7YmcKOyCxSeUiRMGUrj7H7y4MwunpRdDh4XgV5HL8ZRU4rN7cNvkyYyznWT3gWOcqBzEtMG+pP97I+8fq2DI/P9gdoiV4hPx7DlZyYCJExnmjXs+n2+OnqWybwgh3UrJzrlAypGv2X/EgV9YCN7OPM7nnCHDOoqpA2zk7Hqb1/fl0zO4PwNDeuNTls3x1GMkOvszs9Ev92wSv0gj12c0P55v5WhqLmn2MwTeMoqQbpCdHEtyno0hk2qeU9bVtnF0CEG2XGK+yiDbqx8zh/d2/x8Z7IiK45su4SyY35O9b0axO9vKTUNDCA30wnkmi+SkYxQPm0yEn+HpNeKzL2L5+4b3+eyL2AYTwNBBN/z4LADdLE8bKkHs/mgex2suL4GQg/xo9gl6At1CKriwbzRZlTVNFwq7MmPyKbp7rO2qXOMx13xt5XUR87SF97w47Wv2Z1iZvPAupva/iZv63YT3haQGtbITsSQ7Qpl/zx2M6udZ68uU28LpZXxgD621nSZe51Pb87ERNjLUnc4u8jMyyCoCAifw+KrZBCd/wBObMwiYsoTH5w+sOaRQuJfXXokjvdcYfrFqXk0vhGLi31lH1Enc4zjFJL63jndPehMZ2Yf4Padg7Hd5atHNULcHQV0vo2a+jCnLVnPvIIBTbHlhM7EMZ/nPFxJhAbJ38Oc3j8CMB/ntrFBwZpFeEkpY7cBNVSrvPrudRD/3c6/d1Drunk/ABB5fPZ0LH7zBBrsLW/hsfn//BFI9ez62pmxjPrveXM+O/CEsf2IxEV2B45v5w3un8HU/R2d2BiVBAwmo7Ym52wMil/H4HU0bWPL84NWaO3Mac2dOq1e7kRr0fDIX84c3JlF3ZNb/POMGXKxrLswcQVrd0IeDWav/D/d4nNbbEj2f1npd2sx1PmQQs2EHO7MKcJYDFgtht3yXh+YPpyBmHa/sKaDCuIonSyj3PvYgU1pg4KXZYz5GTRwDaq33vFZj4zuN1Rob32msdiWtsZ2NHiy6sZykp5wiOeUUySkZZJVY8B00gZU/qf/lHdTfHTwAGVmkV8GwqTPdX8oA3ky5fTi+uEjPyAK8mbBwJhHWAmL2nMLpdzMP3V0TPFfWHd+etf+20cMKWH3oXXvsuqvhIHZ1MSc/XVdzTPWV9UQdctHDx30W0reyMfreJUQGgPP4Ll7bYxj/adI2BjB9UiiUnyLmUM2fnT05gwoCmHyL+2QNZxpb3qw55vvnt7YSX+6NL1BR5ar7r76N8UNnnG8NR2PHXw4egIIgkpJH1E2XgwfAly/3jfIstAjj62Ccv1HazHU+WLD1D+fBZT/jqZ/PIKKri/T47Xx0HC7mF189eACqirnYkuO61/Ht1dQxION7bJw3Rz77Pc4Q3movblCLzQaK0thmrDWRcbuM8zdCK/R8Go751OPu+UQs/hXLRxtqd/+K5eM9ljX2TKpSefe57SQ6a3pSv3h4dt0XeeM9n8vzdc+PCTy+2h2E53fx5zcS3Y9vI+at9WzL9mb0/5rHvCGQfmAv2+LP4wzwWKcez56Puz17F8+/lUgO/gT3KiAn393zOd+MbXx2O4mhM3hqiRcbnvuCk4Pce3GX9vLSq3Fk+Qxh0aIZDCWd/bv2EXvWRUDt+s1Quyd0oz+EjanX83HO4K/P3MXxJoV8rQwefPoNbnO//y3R86ll9uvS9q7z8ej1l/sTuXIFC/q5cBZ+SwDZ/PFtOJTXLpj9nteqvcOBzcdWt5NRUe7EWU79mtOJs8qCraelfs3WtJ5PLTO38zr2HUwU1IcA4Bt7Yr09uJyUDPKBgF4BQDGJH+wg0enNhCkDseUm8o/oljzdI52TWcCQqSybMoTgwCFMmT+H6c29VVW/2TwyPwiqCsjxPO28SdsIdL2ZaeO94XQK2z49wskqCxOmuA8fnMkiqwoi7ljMtEFBBA+azKLvjal3endzmLH30xR5+yd5BI+DST96ir8+8/sG07OLPE+xHkjMvtpxsZbVaq9LW7nOx5XBrrd3kFhuIWzGHczpR02vyM8f36tN7TR4aM33HIAg5q9azZrHaqZHpvg3qN0zBOg5nIfc83W1ZjJzO9vCR/nbBU1lXriFiuO7eCnqC5JTjhAbvYHXYgsgYAwLxttwJm/no+Mugmcs5IH5S3hwrAXHgY/ZkNIyBxygDwF+wJkTxLsHvSvOniC1dgC8GWyT/oMHwg2H9JqwjbXCpo4klHziD+WD381MC3c39PbHFzhtT8RRBeAiPSUdj8sw26Gh7E7wGKvyP0XksMbf0x4T9zPJ4wvuzFd31l3/0yGcT+DPT7l7PW45e9bxxFPPXXV6OrrhdU/XLD+RDa9+wI5zFiJmLeahWcOxAc7j23nplcun+TY2PR+VyBUu82s256F3+EMj23rF6R9x7fzvoONpH+GDNxOWLGHBIBuOlAQ2RO1gS/x5KgOGs/yheYSWxLFhSwbOwAk8cEfNoaWIu5cQGeAiedvHJDZyd4HmG8j8RWMIdmUQ9YL7j/rTS/jVjRk1hzcTFs1mdL3jJd+yjZ7vVK9bmebeqwm9ZfLlLvVNM3hgij+Vx3fx9NrneGLtG2y7ZKs79bJdMtzHrc/Y/Qy+0qe2axKREz2+YjrI/d5C+zV2JiUEBzXtBJIWG/PJ/YLnX99FciF08/PDkn2AD6I2sy3lPIfjU8m65MRRdOUpJyWOGI/gvC5W72+9rsiTr7fX1Q8JtmkuSj3vFOF0NaiVugBXWb07SpQ2fZi3VZg45tNCXMU4Slytd/y4yomjqOzG/v/Xu43lBTicYPPxp9uVvqjbuNoxn8L0qRzNvfwt02fIXsKvdjStZChJqSHuweRu5FVlsGDyNy065tNpObNItp9tOFDfayhTAou+/ScVeoYxITzoW0+QkMs68l2t21/4SKfQ4FTr66TwEWlb2ul+sXR01dWDjKVr1pKPJSItQ+EjbZKr8hFj6Zq15GOJSMtQ+Eib5Kp8lArXX66r11JdPYgK119wVT5qbBKRVqYxHxERMZ16PiIiYjqFj4iImE7hIyIiplP4iIiI6RQ+IiJiOoWPiIiYTuEjIiKmU/iIiIjpFD4iImI6hY+IiJhO4SMiIqZT+IiIiOkUPiIiYjqFj4iImE7hIyIipvv/FXouCrtbo/8AAAAASUVORK5CYII=\" alt=\"\"></p><p><br></p><p><br></p>', 'Abierto', '2025-02-16 15:29:44', NULL, NULL, 1),
(11, 1, 2, 'ada', '<p>dawdawda</p>', 'Abierto', '2025-02-16 15:37:29', NULL, NULL, 1),
(12, 1, 2, 'DAWAWD', '<p>DAWDAW</p>', 'Abierto', '2025-02-16 15:38:05', NULL, NULL, 1),
(13, 1, 2, '23erw3', '<p><img src=\"data:image/png;base64,iVBORw0KGgoAAAANSUhEUgAAAPEAAAAuCAYAAAD5o//zAAAAAXNSR0IArs4c6QAAAARnQU1BAACxjwv8YQUAAAAJcEhZcwAAEnQAABJ0Ad5mH3gAAAxUSURBVHhe7Zx/TJT3Hcdf3UWN6XXNUZpCDFwbxMRiM6qhJUF0NLeFcLsGe0bU1GLW0WpJHKSj5xZwrecs1K4wk4tmVxNQO4qpykohOMnoWsloySxNQRbxVg9mODLLzfRpTSGX7Y/nuePh4TlA4Tie5vtKLnn4fr/P3fd5Pt/398fn+/lyz82g9D8EAoFh+YE2QSAQGAshYoHA4AgRCwQGR4hYIDA4QsQCgcERIhYIDI4QsUBgcISIBQKDI0QsEBgcIWKBwOAIEQsEBueeWMROB69+zJURgHtJeWI9qSu1JaIzeW8Sj25Ox6ItIJgbt/30fjrEN9r0ObNI7//mIF39gbtqKwKZmIi4p+bHVHXI1xZbNV5XNmZtoShM3mvDfbGSLG0Bwdy40UTp7mP4tOlzRv3+JXqPu6i7JJG28yBVBVZt4bun+xD5VR1AOiX1XpyrtAUEsxHz6XSwYz+1nZI2WWAkRlvxnu0nMOqnq/YUPdr87wVj9Jw+Ql3tEeraBrWZS5qYixigq6acs8PaVEFMWVWE5+KHtOt93LZIsTy3Tv7FD2lXz4J+aCU9PK9ek05K5O7vE98xdKmV9rZW2r/4Spu5pFkUERMaxPu7UwyFtBkCQ7Aym7KGBqoPe2msKyJJmy+IKzEWcS75BQnype8ErqPdTGiLCIzBSiuZWelYlmkzBPEmxo4tG+72XVwrLabBB5BAnvskruzobq6ZHFsRz7U5lSc2WInaniKe2dk9nhM3LtPe0UbXpX4Ct+U0y2obTxUWkJ+ZPO03JoYv8+m/vgESeHRjBhaTpsA0xhn6xycMS9HrPTHczfutrVy6dI2gkmZZvYmN9gKeXm9l2ay/cYdEnEnydNqVrS2gRfUMyRnkrFE6Zj1u++nt6OBC10cM/HtcTktYTc5GO44t2SRpH36ujq2QhO/yZwS+BVhGyoZsUnWa0Z3ac9I7/hWXvHV0jgLriqgqXCfnR7HZUiL2Ir5YSdZwE6Ulx/CFANN6yk6/RX6i9i6Zaffq5aXtpf74DNO6iGd2hoYRGqPLU051iz/q7GDZw4Xsf72MHHVdfSfYvecUASCn8i9UbV6uytThZjPlO+oYAJKe9VJfnD6ZN+Gn5WA5nu4x9R1TScym9PWDOB6e5XfuhDsW8Qhn9+zA6wNs1bTr3jDOUMsBXJ5ugtGWTaYE8lxv48pTdQJzErFET81zVHWMyQPBqydx5WgUfLf2VL0LXWZra0uAGE+nFVKKOLRvvXwdukzdb5viuz4O+Tn7q+24W/xMmBLIdFbgOX2OxjPnaDzTQPW+IjITYeJ6M+6XDtGjdq6nbcGpdNJdzW2RkTMagb+2MgBABk67SsDSZTwvFkcEbF5jo8TlptrbQHVlJSW2dMwm4GY3nj2lS94xOHSmlBeOKgJeZiWvpJKqw17+6KmmSnmfhMboPLyd8uYR7e0zMFXAOb95W0fA87Dng4+TX2AnvyCXtPDXrlqvpNnJ32hlhar4UmRxRAxYCg7itik98NVjHKiPnxt/4Hg53r5xMKVT4j1H9R47aQ8lYLEkYLFYyXTspfpkA8VrgGAHVa+1qsSaQH5hrnzZ18T7M27EDnIhvF2xebtq9iHR4zlEyzBKwzzHe55KnLZcMh+2krnZhtPlpfF4GVkWxTH48hF6lOnhUkPqPoTLKz+nZXMF9X9uwLXNRk5WOqlrsslx7KX69Ae4C60sS/wJW/OStV8RhekCrlKP4grzsmeanbLyCsrKX+Kph5S0tduUtArKns2OfcDLPFk0EYOZrNJXyFPeSOBdFzXdcdg/9p2gplke/XJctTij7Zcss7LjtQoyTUDvMf7Uq8rauAWHGWCEltbLqps09LbScgPAjONnuZPrKl8Tng65Dknba3QbJsr0z32gUG5EwVY8Z+LX8UVnkLPHO2RRpD1Pza/t09e9ACYzWaUeGr0V5NyvzdRjqoCzymv139MC2NPoLKKIAXM2rkO7lPXFGJ1v1U2d2iwCA+3nCQA8tIudeTqeETWJdrYXmAGJlgvdk+mm9eQXyqOJ1HaeLt0RcpyuD5qRAFZtIT9zMidSB1MuJTtVU2w91v2CYsUxELj40TwisGJEX7ijgpwdRaTO6IQzY57llctI9NSGBbyctXtqcUeJElsQexqcxRUxwJrnOViiNNxgB1WuJtkIi8IIV75Qeo0NGaRps3XIeOxx+eLaIEOq9DR7EWsBQh/znjKqTuFmG+/9Tb5c69yi+i1VHTb9lJwZPOcyZp7cqPgTRrvpHdXmx5fAlX65o8LGUxsXwvmmCLhNfqdpJV5qnfoCXkh7GpnFFzGQuu0gJWuUP64ew33GrykRK/xcCw9lH73B7md3zPop8Xwil7/uZ4p+EgvYulm+HDh7ftoI6Wttkh1aply2hn0BMKUOaatXq9KjY3kwvIYcZHiJtbzhL5Upflo6aTOOwnNhqoAtTg+ebdEEzMLa08DERcSQjLPGTXj24/OW4+nTlokx0hiB0ZHZP7eUvc5pLCfnZ4XywY4b52mfssbqp13xwJoLtsxhtJ2FpCRSlcvv4unVjykSPZ7SiIABgs11c/fKz9uexiVOIgbMuZS6bIrnb4yWgxrXf0y4L7ImS9ru1YkXnumjc6Iq045jFYBE50cqB1fvReQzH8k47MpUOMJkHUb/ozMN1+OGX5n6WUnV3UeNH+bIw4zMut02MyP09vjBlM6OwxWyAzQ0iPflmdrFAtvToMRPxIA5u5IDhcpUM9hBzdGPiW3oeTJpygw20Nc/z0YHkM7TzgyY4uBSObTWFfH0tIXaZB2kL/rm5A/w9fcrV6kkRQmSiRdJjyjrIqmfK4qD664xpbOjtpbiLDuu3++Vp+eK30Q/rmCh7WlM4ipigLV7aiPrY6mzirpObQkV8/abJPDkJll09DXx/lVt/p1jsW0nx6RycKkcWjmFBTp7jKo6+Jq5MFsdQpdp/0AJjsjMJnO+U/MFxvLEJtnBxyAt7fPZAkvG+aaH4rXK0JpSRM2rykzt6jFcb3YrDjQ1C29PIxJ3EWOy4tyv9LoAuj2uTMoqxavt+4ze6RaVCUl0nW6a5mgKY7HtUtbiIzT+IVoPP8nE9cGZy6zMxVEgN7yBs+dpDzu0zIU4onhrp9ThrVMMRYsTRKLnzUO0SAAJOIrtOp1CnEksYKdNfv7Au2/gHYhmGGC4lYbOaEsIMwmWqe/LnF1JjbKTEezYj0vHAbrg9jQg8RcxSq/rUqKgZiApNeyp7KbhcPO0xj8x/DGePc/g1tvyCbMye3ItfvUYL5QcoeuGjrMjJDFwZj/P7SmJMgpMkmnfIu993zhF3Wl51EwqtMuBBXqo6+A7wQsvHqFrWFOH2366akuVvVKw2F6hWAn3XFosJ6u0UgniGeRs+XPUXPAzMUUo4wR7T1D+4hEaD29nf8vcwy5Tt9XiypGvfd7y6QFCC2bPB0gIB0gP9Mtx/gC3JJ2yS4vFOQChLaCLOkIH/XtDfhojJ6IAlmN+6AHMwHffjBCUAEs2Zb/MoOXVEzMegAh2HuKlmo5IsL45ZT1ZjyWzAvj6y7/z+dUxpBBytNC+Wg44ZjrJMkZL+TMqD3sGpY0eHLOsX4fa9uOq7Z5cy5kTSLp3BYS+JnBzsulYsiqocdtnCaS4A2JxAGK4laqXj9ATfhiTGUvifawApLERpHCHm2jH7a0gKxyXMZcDEFI3NT/fT2dQXjeXeL3TIrMWwp6BMyXsVsJHZVuM89XofWw93kjxNN/G0mFpjMQgh2Xue4X8meaLJis73nwLZ+REzziSsnUQvG0mzeGm/p1q8udw4seSV8nJE26cG+TjadLwZTrb5P/s0DUwhhRaTtKGIqrq38WtY/CpqOKp0cZJRye1oBrv0TLy1igtOrxNEhawOR1HZSMnDy+ggGNFih33O41UOZSDGyGJoGIbaUIWdZrDTf1JlYDnijl70tEVxWO9EPZMclZSsk5pO9IYgVGJCdN3SP/VGdmXEDEZiReDiVsjDF29RuBbWJ68mrWPJGPWs8xcuC0RGO7DNyIPF/daM1i9KuHuv+8umJDGGLnWz/At5P/8mLmO1Ptn74yWJKFxpJt+Bv4ZYBy41/o4GSnmhT8XHY152XMc6Xofn/u/gftT+VGGdY73xQ/DilggEMgsoem0QCC4G4SIBQKDI0QsEBgcIWKBwOAIEQsEBkeIWCAwOELEAoHBESIWCAyOELFAYHCEiAUCg/N/FcTGgkJB2l4AAAAASUVORK5CYII=\" alt=\"\"></p>', 'Abierto', '2025-02-16 17:36:42', NULL, NULL, 1),
(14, 1, 2, 'dwadawdawdaw', '<p><img src=\"data:image/png;base64,iVBORw0KGgoAAAANSUhEUgAAAPoAAAA3CAYAAAAlmldXAAAAAXNSR0IArs4c6QAAAARnQU1BAACxjwv8YQUAAAAJcEhZcwAAEnQAABJ0Ad5mH3gAABF+SURBVHhe7Z1/WFR1vsdfuwiFjtkQGVwNNQTDHy0PLV5aRaPYXa+Ii9KV3EfDm9HWso9Xurr4dKHrXXxaCQvqXvw1S2m6IKwYF5q5mCSlosTUZAQSTCgM0uCPmNSjBIT3/nEGGQ7DL+NH23xfz3OeZ+Z8Pud7znzPeX9/fL7f852fXLZI/4dAIPhR81PlDoFA8ONDCF0gcACE0AUCB0AIXSBwAITQBQIHQAhdIHAAhNAFAgdACF0gcACE0AUCB0AIXSBwAITQBQIHQAhdIHAAhNAFAgdACF0gcAB+MjSvqTaj359BySVg0uM8syIAldLFDrW6FAqqgRkRrF/sozQLACylZO05zgXl/n6ZSXhcGN6dX1skLG0uqCe4dHe7LTrvtwfz1qwmUK20C35oDJHQzeQ+txJNrfzNP+4QWxe7KZ16oE9+lMQiIHQrhfFBSrMAoDGb2DU7sGbtIAgl6UgCgQAWLYkrU9B3wLyE90hc+H3F3nm/fYjZoyFyktI+jHS0IV2VaMcFlVqFs9IusMuwCB0nH2I0GiLvV7gpEEIfAC31nC4zcV253/IhmvQimvAkJPb3zO9Rq3owc6EPaoDaDNY8t48mwPu5LNIjPZXOg2QUhX6r4LMpyAT9Mjx99A4jmsQMajuUBsGgcZ2C/8Jg5im3QB/GAaBieqAde6fIAbzXkrr1eVbGvMaWiO8rcsHfI0MudK+QULydgMZ9JGwrRVI6CEYF9cNRRK8IQO2ktAgcgSEXuvP01cQ/LQfWLEWvkF56O1I3UpiaQlqqto++aafPPvQWpa2L9oZSclNf4NlVK1mzaiVrYl4gea+W2itKz2ZKMlJIS00ht6JNaexBbYHsq/nQrDRBuxl9zg6S1lnPuWolz25KIVdfT/uotHKa0e/vP6+kWi17X7bJq1WxJNnNqwHQIaHPkfMoPcdgt8Bvtxgp3JtInO35dmajb7ST/7Va0lJTSHuryBqYrCQ3VU4/TWdUegsUDLnQwQWvFanEzwNopnhzHLmNSp/++JrPdFoKdZ/SrDTdotPnGKYbShvQ0Uzxy8sJf3oTGp0B0+VrtHZco6nOQPH+FGKjlpNWYvv4uTFzYh2FOi2aDB196AFajpOZrqVQZ8BlcvemsKRP49nwlSRqsimpMtN0Qd5Mn2jRvBhNeEwa+tsRzveiFdOJvvKqnsLE5TzxXApZxQZM1mtuulBJiTWvkot7vxM96JAo2fYUiRothWUwd7FyFEaiam8sy1fEkLb/OFUXvkbiGl9fqKQkdweJa5YQl1NPu+0hlz6lUKel8EOjtdAwc1qnlfd9/rWtp8AOwyB0ABUhG7YSorb211/OxjSiNZmEftsz8sN5fxiJb75HYeG7ZGW9S2Hhe+xOCMOLZgo3P0Wavqv2UIc+yTwnoCKb/N6bEliKDlDSAcyOYumt8SuQSrcQ82Iepg5QBz3P1qz3KDzyAYWF75GV8jyB7kBDHokxW9Dbq+JGBTO566JJK20G5ymEb9CQlf+BfN35h9gaE4SaZoqT48ltUB5rB6vIk4qaQR1KkmYjgYqxVlNOHHH7K2lXBxGTcoiCI+9xcP+7FByx5pO6jSpNNOtzbVpL06NITEgiMTYUDwBmEZmQJO9b5tvlJ7DLMAkdUAXxwsYwOSBUs4P4nZVKj2FDKk4msagZJq0mXbOReffbDCc5ueC1cCO731iNB80UpmynqrMQcg0mfLEKMFOgNXQd0w0j+bnyb5kXsbgr4NVRyd7XirAAHuGvoUmKwt/del4nF9T+USS9nS5HqC1FvKYp7V5jjRIWXQqaGsApgNi39xL7ax/Urlajqxv+K7ai2byalVtT+x1FkQtYG5G/mdBD5NRk8JLGCE7BxL+5lUh/N5shMms+vZnAPCeo1aRQeNlqcvdRBCE9u4KUvv0P5To6wyd0wDlwI8kx1v56XiLJt9VfHyxGcvceB1SEr18rBwbt4bua2FAVWPI4eKKrVvcPW4YHIBUf47S9VshpLQWNgCqC8PldBUj7sQMUWOT962OVTVUrzrOIWR+BCrDocni/z/7BSGAkP1Mu0ObF/4lwd6VdRhW0lmh/u7/IBgl98lNyAasOJVFjR+S0UZIjD/P5xcYR0sNuRRVKzNM+0GHggFb0v4eCYRU6gFdkAjG+yP315DS6dYuHg0YDZY2A00Lm+iuNtrgQOF8eu/+swuZh8l5G5GxAyqPApgCQaaPk3TwkwCMiDH+bQqTs1HEAPJZ0398D/zDC7wMw8NkZpXGEaSil5AJAMPODelPdQLAVeTDx2xOYN0HpA3QYOHECwIf5c/uuhT0eWYAX0FRR03e8RDAghl3oOE0hMlluiiEVkRQ/zP31BqMcqXetsUbl+9gK5Ca4VFdn8zC5sSgiGICSPEVQ7rKOgx8i9w/DbKfsmmkyyZ/8HuxvKq8P02fKn0yNdiL2I0ljPSaAqb54dzbXB42EPtUqcqYQ/UoSIb20DGiqt957CX2mnfthu+09JgdivzTSpExHMGiGX+jITbG4zaG3+uvJufVKj6FHMlLSGZXtbfvEKrRrEq02hzrPX0a4qmdQrumoliqAhU+yqLeHua/a3IrLAHxGFCcXbm9SrMTRbU+RqOuMyNeTnz2QuRM2EfPets7ouiQNID1Bf4yM0AFV0B95wTr/vVYT1y3aPaSoVHL/WBVB6hFr9Li/bWeUNZJrxSmARRGeiqCckcM6o9z3XxKsmGN9B+PGy58szf0NQ5kxWWv/gRQKw0pnXl0w32bz2ExtRTP4riV95/N4O4GlaBPxOb0U5GNVyNkUwPocO/fB7iamuQ4FIyZ0cCFwXSrR3gDNFKa8wtHhGE/2ns3PAKSPKOtjiKw/vMOi8AMk3TuUtNgE4SYtY1GPvr8bPg/K4+mnywx9R9NbKjlTA+DJ3DmjPB3VNq9qlMYB4ruW3Wmr8faOItnaaqvVxNkPvKp98bPGJ/Tlw1TQC+wygkKX++sr/10u+bEUUaxXOiipx9TbZBvpa/tNOtcFPLYQuTbOPm7fp5O+YgXui3liIdBxnINF9beCcH6Ry7pe/bTB+1Hr+G5JBpl9iKY2M4MSgEmhzB/t4V+bvMrKLOo9rzraepnR50PMi6vxsjZvVEEJ1lEW60SpHuPuPsz/pVy4lWQNIFbTn10wYEZW6AD3R7FlXYByr4LxqFQARgp0lT1qyPZGLckxKdgvJ1yY9y9yYSIVJxKfUYlk74Fpr6cgMdp+zQNyOkvkobCqfXH894eAUzBPhPYSLfZeTexiN1k0CZsoqFPWWG2YCjaRcMAsB/xiV9stMEaWrryiZAsvpJf2zKv2egoSn2T5hmxMyhthB68VqSSFuskTpf6t58Qg7xX/yiK1/EZd/J+1NNlLs0NCnx5NXJ+xnFakFuU+QW84/XHTi5uVOwePRNW7uRgs4PbwE4TNsnZYe8HVZx4zzIUUn7XeqQdCWTV/so3HRO5pPYyuXEKq1HHwaDkN58r5uLSYPM0rpL79AVceDWWO8SxfcQ8PRyxl5l02h981m4Wzv6H06BfUfa4jJ6+Ec603GXPlEg1flnL47df5c0oGJeevcEX1EL/5x8n2u8se99BytICKiy18C6iWrGfD/N6a205MmhuE62kdBlM9+oJs8j6u4asvPqG0tJDsV1N461g93+KC33PpbA69R5nA4LhWiS7vYyz2fn8POu+PHd+7ZrNw+iWOHDNyoaqInOzDVNSfo+Ljk5QezmTbq7spaWjh5t1+PBYSwL0u/aSHC5MeCcK1LA9D41mKP3VlwaLZTOisUpwnExR0L9XHTlL7xUnycg5TcbEDpzYLX9V/SnHmbtKSX6XgzBWutE3lsUUPdp+TcNdPqHtHR02bibJTtVysPUnemwbcw4LwGPlq6++GUcoaFYGxf5SnyPaC96p04kPk2rO90UCxTkuhrojTFk/CE7J4Oy7U/qQUKyr/9ezen0Tkw544S0ZK9qeRtCWRpOQd5JYYafUIZuXWQ2StC+pj8QIflkbOsn72JDysn5aI0xQitx0iNSYYD+c2pKrj1ijycaqutOE8KZiY1EOkRk5RHjmqqII28nZGEuG+Kmg3c7rYGvkuqUS6qcI7PIk9aWvx6yvDbXGaQuR/bpTnE9TsIF75FuP9YSS9mU5sqA+qm2ZO63aQvCWRpC1pZBUbaLrDh/ANe8lKjegeJAVgFr9dF4waaK87Lj8TDR/x2feIxzgCQ7TwxPDRLjVj/rKShivjuP8hXzxvZ1WRFgnLhRrO1F9n3JRZTHFXoVbd3oDSgOloQ7pq5styE9cneDFzmucQLeM0zLRINDVUUGsGjwd9uc/NDdWgM3wQtEtYms18+UUTeE5n+n33DCyfWpqpraikecJ0/KZ5Du81/gj4wQtdIBB8f0ap6S4QCEYSIXSBwAEQQhcIHAAhdIHAARBCFwgcACF0gcABEEIXCBwAIXSBwAEQQhcIHAAhdIHAARBCFwgcACF0gcABEEIXCByAIXh7TaLofTPl93nywmw7Lyx/Y+a1Y608tGAqoXcrjT9UzBTv/4jxT0Tw8zuVtu5I1e+jrXYi4JeP4tNjyeTznMo3QOBSHultvYofBPJ1dq5Z2ZNxPBTyOH7jb9BUfQ68ZuHR47f2RKp+H+21GUT93HZREcFoMAQ1+nfUnG/h4KXvlAaZ1lYO1l+nxnY95R8652upU01lTj8iB2i5cJ6q6nL+mvkBTTeV1mbOVtdxdjgWwRxGpK/qqPrKzkU3l5Gb/z7aKnv/1NiTlgvnqTL1typuPzSfImO7dZltwW0zBEL/8XH+rImxU2dyh9LQG+PGovqmnNwTo/yHDLfNZB5ZupQo6zZ3IjDxZ7e+Ry19HL/xgNuj/O4PzxAdMFaZwPBxsxXpeiu9VCOCATI6Qr9xiYx3zjBzZznu2yv4RU4d+qs2qxJ+UcvMAyZqLjayfl8F7unlPJxjoubmd9ToqwnZWY779krWnFTUFu3f8G5+V7oh7yjSHRBmjKaxeD84gFVOOnGZTmTYZK599A7Z1X00XYxatmWe4lK3ndXkb8/ilO1P6biEIX8v2954g81pu0g/dALjddn0XXU+23YfxqhsPVw5xd7t+zjW+aeElnLy9/2FrWlvsOWNXaTnG7g02KzoQTW6t/4Hve21Xq/laLZ8ns1p/Z+nqexvvJ6Rz+edC8nbHL/ljb+ws7Dr+EtlWWw7cAYL59Fu30VGWfecEwyckRf6zYu8tN/My61j2RX5AGd++w+8eOd1/inzLEWdLcLvbnKx+SprituJXDSVM7+5G5/L37DyrRpekiaw58kHOBngxJFPLrL/m850m9meaeI/mEDeUzO5vNaLP939LU9mnqVoMKuFDqLZbovqwTB+4wNVh7V83tv5OlqRbigLglauXW+jpVO4N80c3ZPF0ZtzWBXzezbHruBX7g3kZuRT1QpjfGYw7UY1Jz/vnk7Dx5WcGzeNOe6y6DPe+oCa8QGsWRvN+lWP4ne1lPQ99roXg0FxrS3l/DVDi+EO+Twbnvo1c9r07NVV262BLaf/xp4TN5gTvpQ56s7jD3POM5jfxa5jU8wi5n5rYNeeD7gEjJ/6EI897IEKNTODA/nF1D5XwBT0wZAJvabChPt/lffccq5iu8z5xVOX2e6kIm/FVILvVTHxbjeWLJ3KLnUL0Udt/mXLxZXX/9nqM9mLZzyhxeteDoR4MOVuFb5BE1hCB1etz/vFU0285HQX/7t0Er5jx8AddxEcMo1X3Fp41XC1K91+GHSz/RZ34Ld0GY+MPU/uwVO3+c8nYPmoiGNjAlgbEYCH6xhwVuOzYDm/8qzjQ4MFfjqDuXPGcq7cYLPgYjVln99gmn8gasB47FMaJj3CHyIC8Bg/AZXbDB777WLmtpeT99HtXllPjEUnMN5ne56pLFj+OzaEz2CMwtdy+m/sev8Gc1dF89jEruPPTXuctQtmoHaGMa6TCYhYRED7GY7Vwp0TZxHg44Yz45g2JwC/iYO/KwKZ/wfPQmrJFt3G2QAAAABJRU5ErkJggg==\" alt=\"\"><br>Hola como estas</p><p><img src=\"data:image/png;base64,iVBORw0KGgoAAAANSUhEUgAAAPoAAAA3CAYAAAAlmldXAAAAAXNSR0IArs4c6QAAAARnQU1BAACxjwv8YQUAAAAJcEhZcwAAEnQAABJ0Ad5mH3gAABF+SURBVHhe7Z1/WFR1vsdfuwiFjtkQGVwNNQTDHy0PLV5aRaPYXa+Ii9KV3EfDm9HWso9Xurr4dKHrXXxaCQvqXvw1S2m6IKwYF5q5mCSlosTUZAQSTCgM0uCPmNSjBIT3/nEGGQ7DL+NH23xfz3OeZ+Z8Pud7znzPeX9/fL7f852fXLZI/4dAIPhR81PlDoFA8ONDCF0gcACE0AUCB0AIXSBwAITQBQIHQAhdIHAAhNAFAgdACF0gcACE0AUCB0AIXSBwAITQBQIHQAhdIHAAhNAFAgdACF0gcAB+MjSvqTaj359BySVg0uM8syIAldLFDrW6FAqqgRkRrF/sozQLACylZO05zgXl/n6ZSXhcGN6dX1skLG0uqCe4dHe7LTrvtwfz1qwmUK20C35oDJHQzeQ+txJNrfzNP+4QWxe7KZ16oE9+lMQiIHQrhfFBSrMAoDGb2DU7sGbtIAgl6UgCgQAWLYkrU9B3wLyE90hc+H3F3nm/fYjZoyFyktI+jHS0IV2VaMcFlVqFs9IusMuwCB0nH2I0GiLvV7gpEEIfAC31nC4zcV253/IhmvQimvAkJPb3zO9Rq3owc6EPaoDaDNY8t48mwPu5LNIjPZXOg2QUhX6r4LMpyAT9Mjx99A4jmsQMajuUBsGgcZ2C/8Jg5im3QB/GAaBieqAde6fIAbzXkrr1eVbGvMaWiO8rcsHfI0MudK+QULydgMZ9JGwrRVI6CEYF9cNRRK8IQO2ktAgcgSEXuvP01cQ/LQfWLEWvkF56O1I3UpiaQlqqto++aafPPvQWpa2L9oZSclNf4NlVK1mzaiVrYl4gea+W2itKz2ZKMlJIS00ht6JNaexBbYHsq/nQrDRBuxl9zg6S1lnPuWolz25KIVdfT/uotHKa0e/vP6+kWi17X7bJq1WxJNnNqwHQIaHPkfMoPcdgt8Bvtxgp3JtInO35dmajb7ST/7Va0lJTSHuryBqYrCQ3VU4/TWdUegsUDLnQwQWvFanEzwNopnhzHLmNSp/++JrPdFoKdZ/SrDTdotPnGKYbShvQ0Uzxy8sJf3oTGp0B0+VrtHZco6nOQPH+FGKjlpNWYvv4uTFzYh2FOi2aDB196AFajpOZrqVQZ8BlcvemsKRP49nwlSRqsimpMtN0Qd5Mn2jRvBhNeEwa+tsRzveiFdOJvvKqnsLE5TzxXApZxQZM1mtuulBJiTWvkot7vxM96JAo2fYUiRothWUwd7FyFEaiam8sy1fEkLb/OFUXvkbiGl9fqKQkdweJa5YQl1NPu+0hlz6lUKel8EOjtdAwc1qnlfd9/rWtp8AOwyB0ABUhG7YSorb211/OxjSiNZmEftsz8sN5fxiJb75HYeG7ZGW9S2Hhe+xOCMOLZgo3P0Wavqv2UIc+yTwnoCKb/N6bEliKDlDSAcyOYumt8SuQSrcQ82Iepg5QBz3P1qz3KDzyAYWF75GV8jyB7kBDHokxW9Dbq+JGBTO566JJK20G5ymEb9CQlf+BfN35h9gaE4SaZoqT48ltUB5rB6vIk4qaQR1KkmYjgYqxVlNOHHH7K2lXBxGTcoiCI+9xcP+7FByx5pO6jSpNNOtzbVpL06NITEgiMTYUDwBmEZmQJO9b5tvlJ7DLMAkdUAXxwsYwOSBUs4P4nZVKj2FDKk4msagZJq0mXbOReffbDCc5ueC1cCO731iNB80UpmynqrMQcg0mfLEKMFOgNXQd0w0j+bnyb5kXsbgr4NVRyd7XirAAHuGvoUmKwt/del4nF9T+USS9nS5HqC1FvKYp7V5jjRIWXQqaGsApgNi39xL7ax/Urlajqxv+K7ai2byalVtT+x1FkQtYG5G/mdBD5NRk8JLGCE7BxL+5lUh/N5shMms+vZnAPCeo1aRQeNlqcvdRBCE9u4KUvv0P5To6wyd0wDlwI8kx1v56XiLJt9VfHyxGcvceB1SEr18rBwbt4bua2FAVWPI4eKKrVvcPW4YHIBUf47S9VshpLQWNgCqC8PldBUj7sQMUWOT962OVTVUrzrOIWR+BCrDocni/z/7BSGAkP1Mu0ObF/4lwd6VdRhW0lmh/u7/IBgl98lNyAasOJVFjR+S0UZIjD/P5xcYR0sNuRRVKzNM+0GHggFb0v4eCYRU6gFdkAjG+yP315DS6dYuHg0YDZY2A00Lm+iuNtrgQOF8eu/+swuZh8l5G5GxAyqPApgCQaaPk3TwkwCMiDH+bQqTs1HEAPJZ0398D/zDC7wMw8NkZpXGEaSil5AJAMPODelPdQLAVeTDx2xOYN0HpA3QYOHECwIf5c/uuhT0eWYAX0FRR03e8RDAghl3oOE0hMlluiiEVkRQ/zP31BqMcqXetsUbl+9gK5Ca4VFdn8zC5sSgiGICSPEVQ7rKOgx8i9w/DbKfsmmkyyZ/8HuxvKq8P02fKn0yNdiL2I0ljPSaAqb54dzbXB42EPtUqcqYQ/UoSIb20DGiqt957CX2mnfthu+09JgdivzTSpExHMGiGX+jITbG4zaG3+uvJufVKj6FHMlLSGZXtbfvEKrRrEq02hzrPX0a4qmdQrumoliqAhU+yqLeHua/a3IrLAHxGFCcXbm9SrMTRbU+RqOuMyNeTnz2QuRM2EfPets7ouiQNID1Bf4yM0AFV0B95wTr/vVYT1y3aPaSoVHL/WBVB6hFr9Li/bWeUNZJrxSmARRGeiqCckcM6o9z3XxKsmGN9B+PGy58szf0NQ5kxWWv/gRQKw0pnXl0w32bz2ExtRTP4riV95/N4O4GlaBPxOb0U5GNVyNkUwPocO/fB7iamuQ4FIyZ0cCFwXSrR3gDNFKa8wtHhGE/2ns3PAKSPKOtjiKw/vMOi8AMk3TuUtNgE4SYtY1GPvr8bPg/K4+mnywx9R9NbKjlTA+DJ3DmjPB3VNq9qlMYB4ruW3Wmr8faOItnaaqvVxNkPvKp98bPGJ/Tlw1TQC+wygkKX++sr/10u+bEUUaxXOiipx9TbZBvpa/tNOtcFPLYQuTbOPm7fp5O+YgXui3liIdBxnINF9beCcH6Ry7pe/bTB+1Hr+G5JBpl9iKY2M4MSgEmhzB/t4V+bvMrKLOo9rzraepnR50PMi6vxsjZvVEEJ1lEW60SpHuPuPsz/pVy4lWQNIFbTn10wYEZW6AD3R7FlXYByr4LxqFQARgp0lT1qyPZGLckxKdgvJ1yY9y9yYSIVJxKfUYlk74Fpr6cgMdp+zQNyOkvkobCqfXH894eAUzBPhPYSLfZeTexiN1k0CZsoqFPWWG2YCjaRcMAsB/xiV9stMEaWrryiZAsvpJf2zKv2egoSn2T5hmxMyhthB68VqSSFuskTpf6t58Qg7xX/yiK1/EZd/J+1NNlLs0NCnx5NXJ+xnFakFuU+QW84/XHTi5uVOwePRNW7uRgs4PbwE4TNsnZYe8HVZx4zzIUUn7XeqQdCWTV/so3HRO5pPYyuXEKq1HHwaDkN58r5uLSYPM0rpL79AVceDWWO8SxfcQ8PRyxl5l02h981m4Wzv6H06BfUfa4jJ6+Ec603GXPlEg1flnL47df5c0oGJeevcEX1EL/5x8n2u8se99BytICKiy18C6iWrGfD/N6a205MmhuE62kdBlM9+oJs8j6u4asvPqG0tJDsV1N461g93+KC33PpbA69R5nA4LhWiS7vYyz2fn8POu+PHd+7ZrNw+iWOHDNyoaqInOzDVNSfo+Ljk5QezmTbq7spaWjh5t1+PBYSwL0u/aSHC5MeCcK1LA9D41mKP3VlwaLZTOisUpwnExR0L9XHTlL7xUnycg5TcbEDpzYLX9V/SnHmbtKSX6XgzBWutE3lsUUPdp+TcNdPqHtHR02bibJTtVysPUnemwbcw4LwGPlq6++GUcoaFYGxf5SnyPaC96p04kPk2rO90UCxTkuhrojTFk/CE7J4Oy7U/qQUKyr/9ezen0Tkw544S0ZK9qeRtCWRpOQd5JYYafUIZuXWQ2StC+pj8QIflkbOsn72JDysn5aI0xQitx0iNSYYD+c2pKrj1ijycaqutOE8KZiY1EOkRk5RHjmqqII28nZGEuG+Kmg3c7rYGvkuqUS6qcI7PIk9aWvx6yvDbXGaQuR/bpTnE9TsIF75FuP9YSS9mU5sqA+qm2ZO63aQvCWRpC1pZBUbaLrDh/ANe8lKjegeJAVgFr9dF4waaK87Lj8TDR/x2feIxzgCQ7TwxPDRLjVj/rKShivjuP8hXzxvZ1WRFgnLhRrO1F9n3JRZTHFXoVbd3oDSgOloQ7pq5styE9cneDFzmucQLeM0zLRINDVUUGsGjwd9uc/NDdWgM3wQtEtYms18+UUTeE5n+n33DCyfWpqpraikecJ0/KZ5Du81/gj4wQtdIBB8f0ap6S4QCEYSIXSBwAEQQhcIHAAhdIHAARBCFwgcACF0gcABEEIXCBwAIXSBwAEQQhcIHAAhdIHAARBCFwgcACF0gcABEEIXCByAIXh7TaLofTPl93nywmw7Lyx/Y+a1Y608tGAqoXcrjT9UzBTv/4jxT0Tw8zuVtu5I1e+jrXYi4JeP4tNjyeTznMo3QOBSHultvYofBPJ1dq5Z2ZNxPBTyOH7jb9BUfQ68ZuHR47f2RKp+H+21GUT93HZREcFoMAQ1+nfUnG/h4KXvlAaZ1lYO1l+nxnY95R8652upU01lTj8iB2i5cJ6q6nL+mvkBTTeV1mbOVtdxdjgWwRxGpK/qqPrKzkU3l5Gb/z7aKnv/1NiTlgvnqTL1typuPzSfImO7dZltwW0zBEL/8XH+rImxU2dyh9LQG+PGovqmnNwTo/yHDLfNZB5ZupQo6zZ3IjDxZ7e+Ry19HL/xgNuj/O4PzxAdMFaZwPBxsxXpeiu9VCOCATI6Qr9xiYx3zjBzZznu2yv4RU4d+qs2qxJ+UcvMAyZqLjayfl8F7unlPJxjoubmd9ToqwnZWY779krWnFTUFu3f8G5+V7oh7yjSHRBmjKaxeD84gFVOOnGZTmTYZK599A7Z1X00XYxatmWe4lK3ndXkb8/ilO1P6biEIX8v2954g81pu0g/dALjddn0XXU+23YfxqhsPVw5xd7t+zjW+aeElnLy9/2FrWlvsOWNXaTnG7g02KzoQTW6t/4Hve21Xq/laLZ8ns1p/Z+nqexvvJ6Rz+edC8nbHL/ljb+ws7Dr+EtlWWw7cAYL59Fu30VGWfecEwyckRf6zYu8tN/My61j2RX5AGd++w+8eOd1/inzLEWdLcLvbnKx+SprituJXDSVM7+5G5/L37DyrRpekiaw58kHOBngxJFPLrL/m850m9meaeI/mEDeUzO5vNaLP939LU9mnqVoMKuFDqLZbovqwTB+4wNVh7V83tv5OlqRbigLglauXW+jpVO4N80c3ZPF0ZtzWBXzezbHruBX7g3kZuRT1QpjfGYw7UY1Jz/vnk7Dx5WcGzeNOe6y6DPe+oCa8QGsWRvN+lWP4ne1lPQ99roXg0FxrS3l/DVDi+EO+Twbnvo1c9r07NVV262BLaf/xp4TN5gTvpQ56s7jD3POM5jfxa5jU8wi5n5rYNeeD7gEjJ/6EI897IEKNTODA/nF1D5XwBT0wZAJvabChPt/lffccq5iu8z5xVOX2e6kIm/FVILvVTHxbjeWLJ3KLnUL0Udt/mXLxZXX/9nqM9mLZzyhxeteDoR4MOVuFb5BE1hCB1etz/vFU0285HQX/7t0Er5jx8AddxEcMo1X3Fp41XC1K91+GHSz/RZ34Ld0GY+MPU/uwVO3+c8nYPmoiGNjAlgbEYCH6xhwVuOzYDm/8qzjQ4MFfjqDuXPGcq7cYLPgYjVln99gmn8gasB47FMaJj3CHyIC8Bg/AZXbDB777WLmtpeT99HtXllPjEUnMN5ne56pLFj+OzaEz2CMwtdy+m/sev8Gc1dF89jEruPPTXuctQtmoHaGMa6TCYhYRED7GY7Vwp0TZxHg44Yz45g2JwC/iYO/KwKZ/wfPQmrJFt3G2QAAAABJRU5ErkJggg==\" alt=\"\"></p>', 'Abierto', '2025-02-16 20:25:02', NULL, NULL, 1),
(15, 1, 2, 'TestTestadaw', '<p><img src=\"data:image/png;base64,iVBORw0KGgoAAAANSUhEUgAAAL4AAADjCAYAAAA7ZK60AAAAAXNSR0IArs4c6QAAAARnQU1BAACxjwv8YQUAAAAJcEhZcwAAEnQAABJ0Ad5mH3gAAAhtSURBVHhe7d1/bNT1Hcfx57eltrQdvzK0JUMp2kkZyaCARoxb7CRhDDJHyZaU8BcLMeL+IvsLs2wL/qX8JRqzbH8ZTJYgiXEQF6GaJRtD14IGWxxaRAOUQCiwAi2l3P74XO3d10C/195dkXs+kgu9z+fzvTZvXvfp5z737feiVCqVQvp2+0MURb+PN95OWbxBKgVRoWb8jj5oPwv7z0L3ZTg3CIM3oTDfbfJFEVSWwexKaJoGT90HLffB0pnxkSqAnGf8vAb/yjC8ehxePg6XhuD6TRgYjo8qDVXlcE8ZTK+A3zTCs41QUx4fpTyZvOC/eAx+dxSmRNA/BETxESUqBbUVcCMFf1wEv10QH6A8yDn4E17jd/TBwnfgha4wu/ffMPRZolCTgeFQo4XvhJppck0o+LtOwvJ3oftSWNro9i4NhVotfzfUTpNn3MF/7XPY/B9I3Yz3aCypm6F2r30e71GxjCv4u07C1iNw1WXN+EShdluPOPNPlpyD39EHGw/BVZc2E3Z1KNTSNX/x5Rz8jYfSe/HO9BMXhVpuPBTvUKHlFPwXj8Hpq/FWTdTpq6G2Kp7Ewb8yHPbp3b3Jv0tDobZXSvTNvsmQOPivHg9vTqkwpkShxiqOxMF/+Xj6HVkVRP9QqLGKI1HwO/rSS5w8zfhLGuHAKuhrhWut0LcWDiyHJfGBRbbtcehaBdviHcUQhRq7w1MciYLffjaccJYP256EzmZomQ4z0k+kGdXQMh86fw5ba+NHFE/DNGiaDg3xjiK5fjPUWoWXKPj7z+bnLMtNT8D2e4Fh2PMRzN8NU9+E6F3Y0w9UQuuD8aNKx8BwqLUKL1Hwuy/HW8ahFrbUhy/bj0LrMTgx0ncBWvdC835Y8VG6bWlYBnUuHRkENEJPK/Q8Mdq05VHoeRqu/RJS6+HMStgya7R/7xq4tga2/xB61kHn8nTHHNj709Hjuh6HqaOHAdBwP+xdBX3rIfUruPY07F2c8Rth5GdcDrtWwbW1sDX7IXKWl1prTImCf24w3jIO86ApAq7AC7fYsz58IeNOOVRNCee1f60MZk4JN4DHHoGd86B+GE5chu4hqJsFOx+DlvQhVfdAVQ1sWwD1EZBesh14BFZPAwahux9m1kHbtK+/EwB/XhbG9PWHk8sG7oHVD8OuH6QHpH/GJfOhrTacgjyQ/RA5y0utNaZEwR/Mx/q+GqqAgQFoH2lLz5hZt5XZh93OwQ/g+aMw9e1wuu/Ct2DfQPjt0pY5MAVvHAzLquYOaHgEWiqBfmh9Kxxb/3fYE3tzbkcXPLcP5r8TxjR/Ftqbvps97uJ5aN4NU/8Gr2R35SwvtdaYEgU/L9J/7lJVkdE2MqvHbonVwsI5o7tDXT+CgRvxQcAN6Pxy9O66mvDvwZOwb6SxH/rix1bClqdGd562l8NFvlm1M/+Dw9lNusMlCn5lolFjOAe9AN+BnSM7Nx9A9Nf07Ug6VDl46XFomwUDF2F7R/hN0pLDrtC1eNAzNcBfFkBTGew7Ds+fhIY6mBEfl2d5qbXGlKjMsyvjLePwBey9FParNz2RXhNnWDI1LIVuK/Y+wpIaYAheOgAvfAHP/QPeTPDi8HB6Hb3w3uz2qZnVmA11wIlT0PoxvPIxrPhv7k/OXOWl1hpTouA3xV70jdevj8DBQaiaFnZBun4Cu1ZA5xrofDgEv3ckuOmlUdMceLMZdq6AnkXZM27vIFABq9MvNhvuh+bqjAG30N4D3Smoq4eeH8PO5rB7k/VkvBJeqNbPGm3fVoQZP1+11u0lCv5T98V2V8arF1bshzcuwEBZeJHYNjc9cw/CvmNQ/8/02G5oHwjr7HWNsOV70Hsme8Z9/lM4MQwti8J2Y88y4HrGgFvphQ2fhGMb6mBLI7RMgfb+jDGfwCvn00/Sn4XH31RV2Bm/qjzUWoWX6CoLHX3Q8h5czvO5OqvnhRn04mXYl7mVmaFlblhyHPwqY98/ZvU8mHEd3jgd7xnbWMc23AuPVUPv+dgTowCmVUD7k16LZxxyvspCouAD3P82fHXlm+ts5UkK5tbAl2vjHUog5+AnWupAuChSbeZWpPKqNn3hKRVH4uA/2xguiqTCuJEKNVZxJA5+TXm4Eth0Z/28m14RauslBosncfAhXP5uToLtQuVmTrWXFiy2nIIP8Pqj4crAI/vsmoBUqOXrj8Y7VGg5B3/pzPAfVe2SZ8KqK0It3b4svpyDD7DhAdixGKqnOPOPSyrUbsfiUEsV37iCD/DMg/CnZRCN+xFKV1QWavdMCf+12WSbUGw3PAAfrgx/p+puz9imV4RafbjSmX6yTSj4pNf8Xatg28Jwrkmty59sqVCTqvJQo65VrunvBIlPWUjCjwIa5UcBFVXOpyzkNfiZ/PA3P/ytiO6c4EtFlHPwJ7zGl76NDL5KksFXSTL4KkkGXyXJ4KskGXyVJIOvkmTwVZIMvkqSwVdJMvgqSQZfJcngqyQZfJUkg6+SFKVSqZxO4JfuQO9HUfR+vFGSJEmSJEmSJEmSJEmSJEmSJEmSJEmSJEmSJEmSJEmSJEmSJEmSJEmSJEmSJEmSJEmSJEmSJEmSJEmSJEmSJEmSJEmSJEmSJEmSJEmSJEmSJEmSJEmSJEmSJEmSJEmSJEmSJEmSJEmSJEmSJEmSJEmSJEmSJEmSJEmSJEmSJEmSJEmSJEmSJEmSJEmSJEmSJEmSJEmSJEmSJEmSJEmSJEmSJEmSJEmSJEmSJEmSJEmSJEmSJOku9NAp2h46RVtmW5R5R7rbNJ7iQBTRApCCf6X6afns+wyWxQdKd4vGU/xiJPSEWX5FeQ3rAQy+7lplEeXxtptlVGDwdTf7dA67SfHvjKYjFWXszrgv3b0aT7O58TSb4+1Syfk/lHs1z9GiIHoAAAAASUVORK5CYII=\" alt=\"\"></p><p>TEST</p><p><img src=\"data:image/png;base64,iVBORw0KGgoAAAANSUhEUgAAAL4AAADjCAYAAAA7ZK60AAAAAXNSR0IArs4c6QAAAARnQU1BAACxjwv8YQUAAAAJcEhZcwAAEnQAABJ0Ad5mH3gAAAhtSURBVHhe7d1/bNT1Hcfx57eltrQdvzK0JUMp2kkZyaCARoxb7CRhDDJHyZaU8BcLMeL+IvsLs2wL/qX8JRqzbH8ZTJYgiXEQF6GaJRtD14IGWxxaRAOUQCiwAi2l3P74XO3d10C/195dkXs+kgu9z+fzvTZvXvfp5z737feiVCqVQvp2+0MURb+PN95OWbxBKgVRoWb8jj5oPwv7z0L3ZTg3CIM3oTDfbfJFEVSWwexKaJoGT90HLffB0pnxkSqAnGf8vAb/yjC8ehxePg6XhuD6TRgYjo8qDVXlcE8ZTK+A3zTCs41QUx4fpTyZvOC/eAx+dxSmRNA/BETxESUqBbUVcCMFf1wEv10QH6A8yDn4E17jd/TBwnfgha4wu/ffMPRZolCTgeFQo4XvhJppck0o+LtOwvJ3oftSWNro9i4NhVotfzfUTpNn3MF/7XPY/B9I3Yz3aCypm6F2r30e71GxjCv4u07C1iNw1WXN+EShdluPOPNPlpyD39EHGw/BVZc2E3Z1KNTSNX/x5Rz8jYfSe/HO9BMXhVpuPBTvUKHlFPwXj8Hpq/FWTdTpq6G2Kp7Ewb8yHPbp3b3Jv0tDobZXSvTNvsmQOPivHg9vTqkwpkShxiqOxMF/+Xj6HVkVRP9QqLGKI1HwO/rSS5w8zfhLGuHAKuhrhWut0LcWDiyHJfGBRbbtcehaBdviHcUQhRq7w1MciYLffjaccJYP256EzmZomQ4z0k+kGdXQMh86fw5ba+NHFE/DNGiaDg3xjiK5fjPUWoWXKPj7z+bnLMtNT8D2e4Fh2PMRzN8NU9+E6F3Y0w9UQuuD8aNKx8BwqLUKL1Hwuy/HW8ahFrbUhy/bj0LrMTgx0ncBWvdC835Y8VG6bWlYBnUuHRkENEJPK/Q8Mdq05VHoeRqu/RJS6+HMStgya7R/7xq4tga2/xB61kHn8nTHHNj709Hjuh6HqaOHAdBwP+xdBX3rIfUruPY07F2c8Rth5GdcDrtWwbW1sDX7IXKWl1prTImCf24w3jIO86ApAq7AC7fYsz58IeNOOVRNCee1f60MZk4JN4DHHoGd86B+GE5chu4hqJsFOx+DlvQhVfdAVQ1sWwD1EZBesh14BFZPAwahux9m1kHbtK+/EwB/XhbG9PWHk8sG7oHVD8OuH6QHpH/GJfOhrTacgjyQ/RA5y0utNaZEwR/Mx/q+GqqAgQFoH2lLz5hZt5XZh93OwQ/g+aMw9e1wuu/Ct2DfQPjt0pY5MAVvHAzLquYOaHgEWiqBfmh9Kxxb/3fYE3tzbkcXPLcP5r8TxjR/Ftqbvps97uJ5aN4NU/8Gr2R35SwvtdaYEgU/L9J/7lJVkdE2MqvHbonVwsI5o7tDXT+CgRvxQcAN6Pxy9O66mvDvwZOwb6SxH/rix1bClqdGd562l8NFvlm1M/+Dw9lNusMlCn5lolFjOAe9AN+BnSM7Nx9A9Nf07Ug6VDl46XFomwUDF2F7R/hN0pLDrtC1eNAzNcBfFkBTGew7Ds+fhIY6mBEfl2d5qbXGlKjMsyvjLePwBey9FParNz2RXhNnWDI1LIVuK/Y+wpIaYAheOgAvfAHP/QPeTPDi8HB6Hb3w3uz2qZnVmA11wIlT0PoxvPIxrPhv7k/OXOWl1hpTouA3xV70jdevj8DBQaiaFnZBun4Cu1ZA5xrofDgEv3ckuOmlUdMceLMZdq6AnkXZM27vIFABq9MvNhvuh+bqjAG30N4D3Smoq4eeH8PO5rB7k/VkvBJeqNbPGm3fVoQZP1+11u0lCv5T98V2V8arF1bshzcuwEBZeJHYNjc9cw/CvmNQ/8/02G5oHwjr7HWNsOV70Hsme8Z9/lM4MQwti8J2Y88y4HrGgFvphQ2fhGMb6mBLI7RMgfb+jDGfwCvn00/Sn4XH31RV2Bm/qjzUWoWX6CoLHX3Q8h5czvO5OqvnhRn04mXYl7mVmaFlblhyHPwqY98/ZvU8mHEd3jgd7xnbWMc23AuPVUPv+dgTowCmVUD7k16LZxxyvspCouAD3P82fHXlm+ts5UkK5tbAl2vjHUog5+AnWupAuChSbeZWpPKqNn3hKRVH4uA/2xguiqTCuJEKNVZxJA5+TXm4Eth0Z/28m14RauslBosncfAhXP5uToLtQuVmTrWXFiy2nIIP8Pqj4crAI/vsmoBUqOXrj8Y7VGg5B3/pzPAfVe2SZ8KqK0It3b4svpyDD7DhAdixGKqnOPOPSyrUbsfiUEsV37iCD/DMg/CnZRCN+xFKV1QWavdMCf+12WSbUGw3PAAfrgx/p+puz9imV4RafbjSmX6yTSj4pNf8Xatg28Jwrkmty59sqVCTqvJQo65VrunvBIlPWUjCjwIa5UcBFVXOpyzkNfiZ/PA3P/ytiO6c4EtFlHPwJ7zGl76NDL5KksFXSTL4KkkGXyXJ4KskGXyVJIOvkmTwVZIMvkqSwVdJMvgqSQZfJcngqyQZfJUkg6+SFKVSqZxO4JfuQO9HUfR+vFGSJEmSJEmSJEmSJEmSJEmSJEmSJEmSJEmSJEmSJEmSJEmSJEmSJEmSJEmSJEmSJEmSJEmSJEmSJEmSJEmSJEmSJEmSJEmSJEmSJEmSJEmSJEmSJEmSJEmSJEmSJEmSJEmSJEmSJEmSJEmSJEmSJEmSJEmSJEmSJEmSJEmSJEmSJEmSJEmSJEmSJEmSJEmSJEmSJEmSJEmSJEmSJEmSJEmSJEmSJEmSJEmSJEmSJEmSJEmSJOku9NAp2h46RVtmW5R5R7rbNJ7iQBTRApCCf6X6afns+wyWxQdKd4vGU/xiJPSEWX5FeQ3rAQy+7lplEeXxtptlVGDwdTf7dA67SfHvjKYjFWXszrgv3b0aT7O58TSb4+1Syfk/lHs1z9GiIHoAAAAASUVORK5CYII=\" alt=\"\"></p>', 'Abierto', '2025-02-16 20:35:08', NULL, NULL, 1),
(16, 1, 2, 'dwada', '<p>dawad</p>', 'Abierto', '2025-02-17 11:13:22', NULL, NULL, 1),
(17, 1, 1, 'dawda', '<p>dawdaw</p>', 'Abierto', '2025-02-17 11:13:29', NULL, NULL, 1),
(18, 1, 2, 'TESTTESTTESTRA', '<p>Hola.<br><img src=\"data:image/png;base64,iVBORw0KGgoAAAANSUhEUgAAAM8AAAAtCAYAAAAJDT/WAAAAAXNSR0IArs4c6QAAAARnQU1BAACxjwv8YQUAAAAJcEhZcwAAEnQAABJ0Ad5mH3gAAAw6SURBVHhe7ZxxTJTnHcc/3UWN8brmKI0QA9cGMbHYjGpoSRAdzW0hXK/BnhE1tZh1tFoSB+nouQVc6zkL1QlrctHsagJqRzFVWSkEJxmdSkZLZmkKsoi3ejDDkVlupq81Qi7bH+97x8vLe3AcB2j3fJJLXp/nee+e9/093+f5Pb/nhw/d8kv/RSAQzJgfaAsEAkFkCPEIBFEixCMQRIkQj0AQJUI8AkGUCPEIBFEixCMQRIkQj0AQJUI8AkGUCPEIBFEixCMQRIkQj0AQJUI8AkGUPBQuq9p/7RJXhwCWkfTMWpKXaluEZ/zeBJ7cmIpJ20AQGXe9dH8+wB1tecTM0/u/1U9Hry+qsfIgE1Y8XVU/pqJNvjZZKnE7MjFqG4Vh/F4LzgvlZGgbCCLjZgPFO4/i0ZZHjPr9S3Qfc1BzWSJl+34q8szaxtHTeYDcijYglaJaN/YV2gbfTyJy2/xte6lul7TFggeJ4WbcZ3rxDXvpqD5Jl7b+e8EIXacOUVN9iJqWfm1lzIlIPAAdVaWcGdSWCuaUFQW4LnxKq97HaQk1y3Hq1F/4lFb1qv9DM6lB/21VKkmhu79P3GPgcjOtLc20fvWNtjLmRCweAv24f3uSgYC2QvBAsDSTkro6Kg+6qa8pIEFbL5gxEYgnm9y8OPnScxzHe52MaZsIHgyWmknPSMW0SFshiIYIAgYWnK07uF5cSJ0HII4c5wkcmeHDB1MFDEKROGMyz6wzE9aOoUjT9BGcsZtXaG1roeNyL767cplppYXn8vPITU+c9Btjg1f4/J93gDieXJ+GyaBpMIlRBv7+GYNS+H6PDXbycXMzly9fx6+UmVZuYL01jxfWmlk07W/MkNAmXXbbHJnaBlpUz5CYRtYqZULU466X7rY2zndcpO9fo3JZ3Eqy1luxbcokQfvwkQYMAhKeK1/g+w5gEUnrMknWGUYzted4tO8bLrtraB8G1hRQkb9Grg9js9kSmXgulJMx2EBx0VE8AcCwlpJTR8iN194lM+levbqU3dQem8J9CEWapjBIYIQOVymVTd6wq+Gix/PZ+04JWeq+eo6zc9dJfEBW+Z+p2LhYVanDrUZKt9XQByS85Ka2MHW8bsxL0/5SXJ0j6jsmEp9J8Tv7sT0+ze/MhBmLZ4gzu7bh9gCWSlp1bxhloGkfDlcn/nDuuSGOHMf7OHJU4otIPBJdVS9T0TYiT8BvncCRpVFOtPZUvQtdphtrURKB26aQVMCBPWvl68AVan7TsLD7n4CXM7/cirPJy5ghjnR7Ga5TZ6k/fZb603VU7ikgPR7GbjTifP0AXepgYcom7Mqk1NHYElopwuH7SzN9AKRht6qEI13B9VphSDjGVRaKHE4q3XVUlpdTZEnFaABudeLaVXzfB1wGThfz6nuKcBaZySkqp+Kgmz+4KqlQ3ieBEdoPbqW0cUh7+xRMFE7Wr9/XEc4s7PnY0+TmWcnNyyYl+LUr1iplVnLXm1miah4rIhcPYMrbj9OizDjXjrKvdu7DgeHoO1aKu2cUDKkUuc9SuctKyvI4TKY4TCYz6bbdVJ6oo3AV4G+j4u1mlUjiyM3Pli97Gvh4yoOUfs4Hw54bt6pWW4ku1wGaBlEGxFk+cpVjt2ST/riZ9I0W7A439cdKyDApAZc3DtGluCH3G1LnARxu+TlNG8uo/VMdji0WsjJSSV6VSZZtN5WnPsGZb2ZR/E/YnJOo/YowTBZOhXrVUpiVPVOslJSWUVL6Os8tV8pWb1HKyih5KXNODopnJB4wklH8JjlKT3wfOqjqXIDzH89xqhrl2T7LUY09XNx1kZltb5eRbgC6j/LHblXV+k3YjABDNDVfUd2kobuZppsARmzPZ4/7zZ4GXG1yHxK2VukOCBQ3w7kvXzaevxnX6YWbcMLTz5ljbfJgTHmFql9ZJ+9rAAxGMopd1LvLyHpEW6nHROFklFbrv6cY2HMhmKF4AGMmjgM7FP9xhPYjNROX0Hmgr/UcPoDlO9ieo7PjVBNvZWueEZBoOt85Xm5YS26+PHtKLefo0F0RRun4pBEJYMUmctPHa0J9MGRTtF3lyumx5ucUKhs/34WLs8gYmCN6ghMEZG0rIHnK4IYR4zSvXEaiqzoonMWs3lWNM0xWQ0zsuQDMXDwAq15hf5EyYPxtVDga5IefF4a4+pWi1nVppGirdUh76mn54no/A6ryFGsBqwECl/hIWUUmcKuFj/4qX662b1L9lqoPG35K1hSRQBkjz65X9ovDnXQPa+sXFt/VXnmCwMJz62MR1FCE0yK/05QiN9V2feHE0p7zTXTiAZK37KdolfKPa0dxnvZqWswVXq4Hp+6L77LzpW3Tfopcn8ntb3iZMG7j89i8Ub7sO3Nu0orgaW6QAwWGbDYH93owoQ8pK1eqysNjeiy4R+hncCEtrsPg14ormZJKypSrTiRMFI7J7sK1JZxwiK0955moxQOJ2KucBFdZj7sUV4+2zRwjjeAbHpr+c1s5q5jEYrKez5cTXm+eo3WCD91LqxJRMuZtimB1mYaEBJKVy3sLGaWcUyS6XMUh4QD4G2sijzLO2p7zyyzEAxizKXZYlEjGCE37NSHEOeHhkM+dsNWtk8811Ucnwzvdim0FgET7RVXgoPsCci5sIjar4nKFGO/D8L913D09bnoVF8NMsu45yMJhDD3M0LRh+6kZorvLC4ZUth0skwNLgX7cb0w1LmJsz3lkduIBjJnl7MtXXBp/G1XvXWJuU/ISSVE8JV9P7yyNDZDKC/Y0mBA4UAUK1hTwwiRHfLwP0lc9Ee33PL29ylUyCWEOlxeKhCcU/1vq5aoSOIgaQyrbqqspzLDi+N1u2Q1U9sX654Kxtuf8MWvxAKzeVR3a/0jtFdS0a1uomPV+NI5nN8iDnZ4GPr6mrZ85JstWsgyqwIEqUJCVn6dzRqDqg6eR89P1IXCF1k+UQ8X0TNJn6wLGGNMzG+TACf00tc4mlJ6I/bCLwtXKUpJUQNVbimdy7SiOw51KYEJN7O05X8REPBjM2PcqswyA7gwjk7RCidJ5vqB78puUCUh0nGqYtIEPYrLsUPZaQ9T/PtyMNs7Yjf6p2yzNxpYnG7zvzDlag4ECYz62MNGnCX04cpKBcPkkSHQdPkCTBBCHrdCqI8YFJj6P7Rb5+X0fvou7L5xhgMFm6trDuapG4kwT35cxs5wqJTLrb9uLQyewFHN7zhOxEQ/KLONQTu2nICE5GHnppO5g46RBNzZ4CdeuF3HqhY6DLM0c32tdO8qrRYfouKmziQxI9J3ey8u7isLMeuOkWzfJZ1c3T1JzSl4lEvKt8oGcHuo+eI7z6muH6BjU9OGul47qYuWsA0yWNylU0oLuLxaTUVyuHH73c6b0ZarOexmbMEBH8Xcfp/S1Q9Qf3MrepsjTc5K3VOPIkq897tLJB+sxs+ejxAUT2Pp65TxMgNuSTtvZE3liqLaBLuoTZfTvDXipD2VoAyzGuPxRjMC9O0P4JcCUSckv0mh66/iUiaH+9gO8XtUWSmI0Jq0l46lElgDffv03vrw2ghRAPt3eU80+21SZtSM0lb6oihimUVzvwjbN/mSgZS+O6s5xX90YR8KyJRD4Ft+tcZOZMsqoclqnOYCcAXORGDrYTMUbh+gKPozBiCn+YZYA0sgQUnCii7fidJeRETzPjCQxVOqk6md7affL+6Iit3tSJkEs7Ok7XcROJc1ItsUo3ww/zOZj9RRO2rvOjtitPCCn7+x5k9yp/BKDmW2Hj2APZRiPIikhSP9dIyk2J7UfVJIbQQayKaecE8ed2NfJaerS4BXaW+S/JOzoG0EKLCZhXQEVtR/i1HnRE1Hlu6HNYwtPcl4l7vdKyFmljKRguDUoHGMqtvJ6ThyMoXDmiiQrzg/qqbApCa0BCb9iG2lMFlOKzUntCZVwIsWYOR5ACBOBi4U9E+zlFK1Rxo40gm9YYsxwD+k/OivZLAm78swHY7eHGLh2Hd93sDhxJaufSMSo90Yi4a6Eb7AHz5A8PS4zp7FyRVz03xcFY9IIQ9d7GbyN/D/JpK8h+ZHpJ4H7ksAo0i0vff/wMQosMz9NWpIx9n+XFI5Z2XMU6UYPX3rvwCPJ/CjNHOF9M2NBxSMQPMjE2G0TCP5/EOIRCKJEiEcgiBIhHoEgSoR4BIIoEeIRCKJEiEcgiJL/AdefxoA/tQZyAAAAAElFTkSuQmCC\" alt=\"\"><br>dasd<br><img src=\"data:image/png;base64,iVBORw0KGgoAAAANSUhEUgAAAM8AAAAtCAYAAAAJDT/WAAAAAXNSR0IArs4c6QAAAARnQU1BAACxjwv8YQUAAAAJcEhZcwAAEnQAABJ0Ad5mH3gAAAw6SURBVHhe7ZxxTJTnHcc/3UWN8brmKI0QA9cGMbHYjGpoSRAdzW0hXK/BnhE1tZh1tFoSB+nouQVc6zkL1QlrctHsagJqRzFVWSkEJxmdSkZLZmkKsoi3ejDDkVlupq81Qi7bH+97x8vLe3AcB2j3fJJLXp/nee+e9/093+f5Pb/nhw/d8kv/RSAQzJgfaAsEAkFkCPEIBFEixCMQRIkQj0AQJUI8AkGUCPEIBFEixCMQRIkQj0AQJUI8AkGUCPEIBFEixCMQRIkQj0AQJUI8AkGUPBQuq9p/7RJXhwCWkfTMWpKXaluEZ/zeBJ7cmIpJ20AQGXe9dH8+wB1tecTM0/u/1U9Hry+qsfIgE1Y8XVU/pqJNvjZZKnE7MjFqG4Vh/F4LzgvlZGgbCCLjZgPFO4/i0ZZHjPr9S3Qfc1BzWSJl+34q8szaxtHTeYDcijYglaJaN/YV2gbfTyJy2/xte6lul7TFggeJ4WbcZ3rxDXvpqD5Jl7b+e8EIXacOUVN9iJqWfm1lzIlIPAAdVaWcGdSWCuaUFQW4LnxKq97HaQk1y3Hq1F/4lFb1qv9DM6lB/21VKkmhu79P3GPgcjOtLc20fvWNtjLmRCweAv24f3uSgYC2QvBAsDSTkro6Kg+6qa8pIEFbL5gxEYgnm9y8OPnScxzHe52MaZsIHgyWmknPSMW0SFshiIYIAgYWnK07uF5cSJ0HII4c5wkcmeHDB1MFDEKROGMyz6wzE9aOoUjT9BGcsZtXaG1roeNyL767cplppYXn8vPITU+c9Btjg1f4/J93gDieXJ+GyaBpMIlRBv7+GYNS+H6PDXbycXMzly9fx6+UmVZuYL01jxfWmlk07W/MkNAmXXbbHJnaBlpUz5CYRtYqZULU466X7rY2zndcpO9fo3JZ3Eqy1luxbcokQfvwkQYMAhKeK1/g+w5gEUnrMknWGUYzted4tO8bLrtraB8G1hRQkb9Grg9js9kSmXgulJMx2EBx0VE8AcCwlpJTR8iN194lM+levbqU3dQem8J9CEWapjBIYIQOVymVTd6wq+Gix/PZ+04JWeq+eo6zc9dJfEBW+Z+p2LhYVanDrUZKt9XQByS85Ka2MHW8bsxL0/5SXJ0j6jsmEp9J8Tv7sT0+ze/MhBmLZ4gzu7bh9gCWSlp1bxhloGkfDlcn/nDuuSGOHMf7OHJU4otIPBJdVS9T0TYiT8BvncCRpVFOtPZUvQtdphtrURKB26aQVMCBPWvl68AVan7TsLD7n4CXM7/cirPJy5ghjnR7Ga5TZ6k/fZb603VU7ikgPR7GbjTifP0AXepgYcom7Mqk1NHYElopwuH7SzN9AKRht6qEI13B9VphSDjGVRaKHE4q3XVUlpdTZEnFaABudeLaVXzfB1wGThfz6nuKcBaZySkqp+Kgmz+4KqlQ3ieBEdoPbqW0cUh7+xRMFE7Wr9/XEc4s7PnY0+TmWcnNyyYl+LUr1iplVnLXm1miah4rIhcPYMrbj9OizDjXjrKvdu7DgeHoO1aKu2cUDKkUuc9SuctKyvI4TKY4TCYz6bbdVJ6oo3AV4G+j4u1mlUjiyM3Pli97Gvh4yoOUfs4Hw54bt6pWW4ku1wGaBlEGxFk+cpVjt2ST/riZ9I0W7A439cdKyDApAZc3DtGluCH3G1LnARxu+TlNG8uo/VMdji0WsjJSSV6VSZZtN5WnPsGZb2ZR/E/YnJOo/YowTBZOhXrVUpiVPVOslJSWUVL6Os8tV8pWb1HKyih5KXNODopnJB4wklH8JjlKT3wfOqjqXIDzH89xqhrl2T7LUY09XNx1kZltb5eRbgC6j/LHblXV+k3YjABDNDVfUd2kobuZppsARmzPZ4/7zZ4GXG1yHxK2VukOCBQ3w7kvXzaevxnX6YWbcMLTz5ljbfJgTHmFql9ZJ+9rAAxGMopd1LvLyHpEW6nHROFklFbrv6cY2HMhmKF4AGMmjgM7FP9xhPYjNROX0Hmgr/UcPoDlO9ieo7PjVBNvZWueEZBoOt85Xm5YS26+PHtKLefo0F0RRun4pBEJYMUmctPHa0J9MGRTtF3lyumx5ucUKhs/34WLs8gYmCN6ghMEZG0rIHnK4IYR4zSvXEaiqzoonMWs3lWNM0xWQ0zsuQDMXDwAq15hf5EyYPxtVDga5IefF4a4+pWi1nVppGirdUh76mn54no/A6ryFGsBqwECl/hIWUUmcKuFj/4qX662b1L9lqoPG35K1hSRQBkjz65X9ovDnXQPa+sXFt/VXnmCwMJz62MR1FCE0yK/05QiN9V2feHE0p7zTXTiAZK37KdolfKPa0dxnvZqWswVXq4Hp+6L77LzpW3Tfopcn8ntb3iZMG7j89i8Ub7sO3Nu0orgaW6QAwWGbDYH93owoQ8pK1eqysNjeiy4R+hncCEtrsPg14ormZJKypSrTiRMFI7J7sK1JZxwiK0955moxQOJ2KucBFdZj7sUV4+2zRwjjeAbHpr+c1s5q5jEYrKez5cTXm+eo3WCD91LqxJRMuZtimB1mYaEBJKVy3sLGaWcUyS6XMUh4QD4G2sijzLO2p7zyyzEAxizKXZYlEjGCE37NSHEOeHhkM+dsNWtk8811Ucnwzvdim0FgET7RVXgoPsCci5sIjar4nKFGO/D8L913D09bnoVF8NMsu45yMJhDD3M0LRh+6kZorvLC4ZUth0skwNLgX7cb0w1LmJsz3lkduIBjJnl7MtXXBp/G1XvXWJuU/ISSVE8JV9P7yyNDZDKC/Y0mBA4UAUK1hTwwiRHfLwP0lc9Ee33PL29ylUyCWEOlxeKhCcU/1vq5aoSOIgaQyrbqqspzLDi+N1u2Q1U9sX654Kxtuf8MWvxAKzeVR3a/0jtFdS0a1uomPV+NI5nN8iDnZ4GPr6mrZ85JstWsgyqwIEqUJCVn6dzRqDqg6eR89P1IXCF1k+UQ8X0TNJn6wLGGNMzG+TACf00tc4mlJ6I/bCLwtXKUpJUQNVbimdy7SiOw51KYEJN7O05X8REPBjM2PcqswyA7gwjk7RCidJ5vqB78puUCUh0nGqYtIEPYrLsUPZaQ9T/PtyMNs7Yjf6p2yzNxpYnG7zvzDlag4ECYz62MNGnCX04cpKBcPkkSHQdPkCTBBCHrdCqI8YFJj6P7Rb5+X0fvou7L5xhgMFm6trDuapG4kwT35cxs5wqJTLrb9uLQyewFHN7zhOxEQ/KLONQTu2nICE5GHnppO5g46RBNzZ4CdeuF3HqhY6DLM0c32tdO8qrRYfouKmziQxI9J3ey8u7isLMeuOkWzfJZ1c3T1JzSl4lEvKt8oGcHuo+eI7z6muH6BjU9OGul47qYuWsA0yWNylU0oLuLxaTUVyuHH73c6b0ZarOexmbMEBH8Xcfp/S1Q9Qf3MrepsjTc5K3VOPIkq897tLJB+sxs+ejxAUT2Pp65TxMgNuSTtvZE3liqLaBLuoTZfTvDXipD2VoAyzGuPxRjMC9O0P4JcCUSckv0mh66/iUiaH+9gO8XtUWSmI0Jq0l46lElgDffv03vrw2ghRAPt3eU80+21SZtSM0lb6oihimUVzvwjbN/mSgZS+O6s5xX90YR8KyJRD4Ft+tcZOZMsqoclqnOYCcAXORGDrYTMUbh+gKPozBiCn+YZYA0sgQUnCii7fidJeRETzPjCQxVOqk6md7affL+6Iit3tSJkEs7Ok7XcROJc1ItsUo3ww/zOZj9RRO2rvOjtitPCCn7+x5k9yp/BKDmW2Hj2APZRiPIikhSP9dIyk2J7UfVJIbQQayKaecE8ed2NfJaerS4BXaW+S/JOzoG0EKLCZhXQEVtR/i1HnRE1Hlu6HNYwtPcl4l7vdKyFmljKRguDUoHGMqtvJ6ThyMoXDmiiQrzg/qqbApCa0BCb9iG2lMFlOKzUntCZVwIsWYOR5ACBOBi4U9E+zlFK1Rxo40gm9YYsxwD+k/OivZLAm78swHY7eHGLh2Hd93sDhxJaufSMSo90Yi4a6Eb7AHz5A8PS4zp7FyRVz03xcFY9IIQ9d7GbyN/D/JpK8h+ZHpJ4H7ksAo0i0vff/wMQosMz9NWpIx9n+XFI5Z2XMU6UYPX3rvwCPJ/CjNHOF9M2NBxSMQPMjE2G0TCP5/EOIRCKJEiEcgiBIhHoEgSoR4BIIoEeIRCKJEiEcgiJL/AdefxoA/tQZyAAAAAElFTkSuQmCC\" alt=\"\"></p>', 'Abierto', '2025-02-17 18:09:08', NULL, NULL, 1);

-- --------------------------------------------------------

--
-- Estructura de tabla para la tabla `tm_usuario`
--

CREATE TABLE `tm_usuario` (
  `usu_id` int(11) NOT NULL,
  `usu_nom` varchar(150) DEFAULT NULL,
  `usu_ape` varchar(150) DEFAULT NULL,
  `usu_correo` varchar(150) NOT NULL,
  `usu_pass` varchar(150) NOT NULL,
  `rol_id` int(11) DEFAULT NULL,
  `fech_crea` datetime DEFAULT NULL,
  `fech_modi` datetime DEFAULT NULL,
  `fech_elim` datetime DEFAULT NULL,
  `est` int(11) NOT NULL
) ENGINE=InnoDB DEFAULT CHARSET=utf8mb4 COLLATE=utf8mb4_spanish_ci COMMENT='Tabla mantenedor de usuario';

--
-- Volcado de datos para la tabla `tm_usuario`
--

INSERT INTO `tm_usuario` (`usu_id`, `usu_nom`, `usu_ape`, `usu_correo`, `usu_pass`, `rol_id`, `fech_crea`, `fech_modi`, `fech_elim`, `est`) VALUES
(1, 'Dyer', 'Haler', 'dayer12392@gmail.com', 'e10adc3949ba59abbe56e057f20f883e', 1, '2025-02-10 12:25:21', NULL, NULL, 1),
(2, 'Dayer', 'Haler', 'dryout12392@hotmail.com', 'e10adc3949ba59abbe56e057f20f883e', 2, '2025-02-10 12:25:21', NULL, NULL, 1),
(3, 'Klave', 'Haler', 'klave@gmail.com', '25d55ad283aa400af464c76d713c07ad', 2, '2025-02-10 12:25:21', NULL, '2025-02-19 00:53:25', 1),
(4, 'Support', 'wdadawd', 'dawda@dada.com', 'e10adc3949ba59abbe56e057f20f883e', 2, '2025-02-19 02:57:33', NULL, NULL, 1),
(5, 'dawdaw', 'dawdaw', 'dawd@gdwada.com', 'e10adc3949ba59abbe56e057f20f883e', 2, '2025-02-19 03:02:37', NULL, NULL, 1),
(6, 'Klave', 'klave', 'klave222@dawda.com', '14e1b600b1fd579f47433b88e8d85291', 1, '2025-02-19 21:20:18', NULL, NULL, 1);

--
-- Índices para tablas volcadas
--

--
-- Indices de la tabla `td_ticketdetalle`
--
ALTER TABLE `td_ticketdetalle`
  ADD PRIMARY KEY (`tickd_id`);

--
-- Indices de la tabla `tm_categoria`
--
ALTER TABLE `tm_categoria`
  ADD PRIMARY KEY (`cat_id`);

--
-- Indices de la tabla `tm_ticket`
--
ALTER TABLE `tm_ticket`
  ADD PRIMARY KEY (`tick_id`);

--
-- Indices de la tabla `tm_usuario`
--
ALTER TABLE `tm_usuario`
  ADD PRIMARY KEY (`usu_id`);

--
-- AUTO_INCREMENT de las tablas volcadas
--

--
-- AUTO_INCREMENT de la tabla `td_ticketdetalle`
--
ALTER TABLE `td_ticketdetalle`
  MODIFY `tickd_id` int(11) NOT NULL AUTO_INCREMENT, AUTO_INCREMENT=21;

--
-- AUTO_INCREMENT de la tabla `tm_categoria`
--
ALTER TABLE `tm_categoria`
  MODIFY `cat_id` int(11) NOT NULL AUTO_INCREMENT, AUTO_INCREMENT=4;

--
-- AUTO_INCREMENT de la tabla `tm_ticket`
--
ALTER TABLE `tm_ticket`
  MODIFY `tick_id` int(11) NOT NULL AUTO_INCREMENT, AUTO_INCREMENT=19;

--
-- AUTO_INCREMENT de la tabla `tm_usuario`
--
ALTER TABLE `tm_usuario`
  MODIFY `usu_id` int(11) NOT NULL AUTO_INCREMENT, AUTO_INCREMENT=7;
COMMIT;

/*!40101 SET CHARACTER_SET_CLIENT=@OLD_CHARACTER_SET_CLIENT */;
/*!40101 SET CHARACTER_SET_RESULTS=@OLD_CHARACTER_SET_RESULTS */;
/*!40101 SET COLLATION_CONNECTION=@OLD_COLLATION_CONNECTION */;
